Auto Posto Alfa,PR,SUL,EXTRAJUDICIAL,Jurídico Interno,ACORDO,R$ 9.097.067,A VISTA,REALIZADO
Posto Beta Comércio de Combustíveis,SP,SÃO PAULO,JUDICIAL,Escritório 2,ACORDO,R$ 120.000,PARCELADO,REALIZADO
Rede Gama,SP,SÃO PAULO,JUDICIAL,Escritório 2,ACORDO,R$ 8.300.000,PARCELADO,REALIZADO
Delta Lubrificantes e Combustíveis,MT,CENTRO OESTE,JUDICIAL,Escritório 7,ACORDO,R$ 130.000,PARCELADO,REALIZADO
Épsilon Posto & Lava-Jato,GO,CENTRO OESTE,JUDICIAL,Escritório 4,ACORDO,R$ 120.000,PARCELADO,REALIZADO
Irmão Zeta Abastecedora,BA,NORDESTE,EXTRAJUDICIAL,Jurídico Interno,ACORDO,R$ 7.178.141,PARCELADO,REALIZADO
Posto ETA,CE,NORDESTE,JUDICIAL,Escritório 3,ACORDO,R$ 5.226.514,PARCELADO,REALIZADO
Teta & Cia Combustíveis,MA,NORDESTE,JUDICIAL,Escritório 3,DECISÃO JUDICIAL,R$ 23.000,A VISTA,REALIZADO
Rede IOTA & Cia,GO ,CENTRO OESTE,JUDICIAL,Escritório 6,DECISÃO JUDICIAL,R$ 24.000,A VISTA,REALIZADO
Auto Posto Capa,SP,SÃO PAULO,JUDICIAL,Escritório 2,ACORDO,R$ 4.000.000,PARCELADO,REALIZADO
Lubrificantes NI,MG,SUDESTE,JUDICIAL,Escritório 2,ACORDO,R$ 4.609.127,PARCELADO,REALIZADO
Csi Unidos,RJ,SUDESTE,JUDICIAL,Escritório 2,ACORDO,R$ 4.150.000,A VISTA,REALIZADO
Rede Ómicron,SP,SÃO PAULO,JUDICIAL,Escritório 2,ACORDO,R$ 3.053.472,PARCELADO,REALIZADO
Auto Posto Pi,SP,SÃO PAULO,JUDICIAL,Escritório 7,ACORDO,R$ 3.017.888,PARCELADO,REALIZADO
Rô Comercio de Combustíveis,SP,SÃO PAULO,JUDICIAL,Escritório 2,ACORDO,R$ 15.000,A VISTA,REALIZADO
Auto Posto Sigma,BA,NORDESTE,JUDICIAL,Escritório 7,ACORDO,R$ 3.804.973,PARCELADO,REALIZADO
Tau & Cia,SP,SÃO PAULO,JUDICIAL,Escritório 7,ACORDO,R$ 3.492.739,PARCELADO,REALIZADO
Úpsilon Comercializadora,MT,CENTRO OESTE,JUDICIAL,Escritório 4,ACORDO,R$ 2.721.837,PARCELADO,REALIZADO
Auto Posto Fi,PR,SUL,JUDICIAL,Escritório 6,ACORDO,R$ 3.004.395,A VISTA,REALIZADO
Qui Combustíveis,GO,CENTRO OESTE,JUDICIAL,Escritório 6,ACORDO,R$ 2.717.841,PARCELADO,REALIZADO
Lubrificantes Psi,SP,SÃO PAULO,JUDICIAL,Escritório 2,ACORDO,R$ 180.000,PARCELADO,REALIZADO
Ômega Rede Comercial,MS,CENTRO OESTE,JUDICIAL,Escritório 4,ACORDO,R$ 2.700.000,PARCELADO,REALIZADO
Rede de Postos Primeira,PA,NORTE,JUDICIAL,Escritório 3,ACORDO,R$ 1.785.466,PARCELADO,REALIZADO
Rede de Postos Segunda,SC,SUL,JUDICIAL,Escritório 6,ACORDO,R$ 1.616.675,PARCELADO,REALIZADO
Rede de Postos Terceira,PA,NORTE,JUDICIAL,Escritório 3,ACORDO,R$ 1.641.441,PARCELADO,NÃO REALIZADO
Rede de Postos Quarta,SP,SÃO PAULO,JUDICIAL,Escritório 2,ACORDO,R$ 1.602.578,PARCELADO,REALIZADO
Rede de Postos Quinta,SP,SÃO PAULO,JUDICIAL,Escritório 5,ACORDO,R$ 1.556.711,PARCELADO,REALIZADO
Auto Posto Nº 1,RJ,SUDESTE,JUDICIAL,Escritório 2,ACORDO,R$ 112.000,PARCELADO,REALIZADO
Auto Posto Nº 2,BA,NORDESTE,JUDICIAL,Escritório 3,ACORDO,R$ 1.510.193,A VISTA,REALIZADO
Auto Posto Nº 3,GO ,CENTRO OESTE,JUDICIAL,Escritório 6,ACORDO,R$ 113.000,PARCELADO,REALIZADO
Auto Posto Nº 4,MG,SUDESTE,JUDICIAL,Escritório 2,ACORDO,R$ 213.000,A VISTA,REALIZADO
Auto Posto Nº 5,SP,SÃO PAULO,JUDICIAL,Escritório 2,ACORDO,R$ 1.500.000,A VISTA,REALIZADO
Auto Posto Nº 6,RJ,SUDESTE,EXTRAJUDICIAL,Jurídico Interno,ACORDO,R$ 210.000,PARCELADO,NÃO REALIZADO
Auto Posto Nº 7,PR,SUL,JUDICIAL,Escritório 6,ACORDO,R$ 100.000,PARCELADO,REALIZADO
Auto Posto Nº 8,SP,SÃO PAULO,JUDICIAL,Escritório 2,DECISÃO JUDICIAL,R$ 101.000,PARCELADO,REALIZADO
Auto Posto Nº 9,SP,SÃO PAULO,JUDICIAL,Escritório 2,ACORDO,R$ 1.415.585,PARCELADO,REALIZADO
Auto Posto Nº 10,GO,CENTRO OESTE,JUDICIAL,Escritório 6,ACORDO,R$ 1.350.000,PARCELADO,REALIZADO
Auto Posto Nº 11,RJ,SUDESTE,JUDICIAL,Escritório 7,ACORDO,R$ 1.338.812,A VISTA,REALIZADO
Auto Posto Nº 12,RJ,SUDESTE,JUDICIAL,Escritório 7,ACORDO,R$ 1.338.812,A VISTA,REALIZADO
Auto Posto Nº 13,MG,SUDESTE,JUDICIAL,Escritório 7,ACORDO,R$ 102.000,PARCELADO,REALIZADO
Auto Posto Nº 14,SP,SÃO PAULO,JUDICIAL,Escritório 2,ACORDO,R$ 1.279.226,PARCELADO,REALIZADO
Auto Posto Nº 15,MG,SUDESTE,JUDICIAL,Escritório 2,ACORDO,R$ 1.265.023,A VISTA,REALIZADO
Auto Posto Nº 16,MT,CENTRO OESTE,JUDICIAL,Escritório 4,ACORDO,R$ 1.236.139,PARCELADO,REALIZADO
Auto Posto Nº 17,BA,NORDESTE,JUDICIAL,Escritório 3,ACORDO,R$ 1.208.494,PARCELADO,NÃO REALIZADO
Auto Posto Nº 18,MT,CENTRO OESTE,JUDICIAL,Escritório 4,ACORDO,R$ 103.000,PARCELADO,REALIZADO
Auto Posto Nº 19,MS,CENTRO OESTE,JUDICIAL,Escritório 4,ACORDO,R$ 1.500.000,A VISTA,REALIZADO
Auto Posto Nº 20,MS,CENTRO OESTE,JUDICIAL,Escritório 6,ACORDO,R$ 1.090.834,PARCELADO,REALIZADO
Auto Posto Nº 21,MA,NORDESTE,JUDICIAL,Escritório 3,ACORDO,R$ 1.026.000,PARCELADO,NÃO REALIZADO
Auto Posto Nº 22,SP,SÃO PAULO,EXTRAJUDICIAL,Jurídico Interno,ACORDO,R$ 1.524.259,PARCELADO,REALIZADO
Auto Posto Nº 23,RN,NORDESTE,JUDICIAL,Escritório 7,DECISÃO JUDICIAL,R$ 104.000,PARCELADO,REALIZADO
Auto Posto Nº 24,MG,SUDESTE,JUDICIAL,Escritório 2,ACORDO,R$ 912.782,PARCELADO,REALIZADO
Auto Posto Nº 25,PR,SUL,JUDICIAL,Escritório 6,ACORDO,R$ 900.000,A VISTA,REALIZADO
Auto Posto Nº 26,RS,SUL,JUDICIAL,Escritório 6,ACORDO,R$ 105.000,A VISTA,REALIZADO
Auto Posto Nº 27,SP,SÃO PAULO,JUDICIAL,Escritório 2,ACORDO,R$ 106.000,PARCELADO,NÃO REALIZADO
Auto Posto Nº 28,SP,SÃO PAULO,JUDICIAL,Escritório 2,ACORDO,R$ 1.327.292,PARCELADO,NÃO REALIZADO
Auto Posto Nº 29,SP,SÃO PAULO,JUDICIAL,Escritório 2,DECISÃO JUDICIAL,R$ 880.937,A VISTA,REALIZADO
Auto Posto Nº 30,PR,SUL,JUDICIAL,Escritório 6,ACORDO,R$ 850.000,PARCELADO,REALIZADO
Auto Posto Nº 31,SP,SÃO PAULO,JUDICIAL,Escritório 2,DECISÃO JUDICIAL,R$ 1.200.000,PARCELADO,REALIZADO
Auto Posto Nº 32,MG,SUDESTE,JUDICIAL,Escritório 2,ACORDO,R$ 858.206,PARCELADO,REALIZADO
Auto Posto Nº 33,SP,SÃO PAULO,JUDICIAL,Escritório 2,ACORDO,R$ 727.221,PARCELADO,NÃO REALIZADO
Auto Posto Nº 34,DF,CENTRO OESTE,JUDICIAL,Escritório 6,ACORDO,R$ 832.309,A VISTA,REALIZADO
Auto Posto Nº 35,RJ,SUDESTE,JUDICIAL,Escritório 2,ACORDO,R$ 802.179,PARCELADO,REALIZADO
Auto Posto Nº 36,PE,NORDESTE,JUDICIAL,Escritório 3,ACORDO,R$ 799.576,PARCELADO,NÃO REALIZADO
Auto Posto Nº 37,PR,SUL,JUDICIAL,Escritório 6,ACORDO,R$ 107.000,PARCELADO,REALIZADO
Auto Posto Nº 38,MA,NORDESTE,JUDICIAL,Escritório 3,ACORDO,R$ 1.056.981,PARCELADO,NÃO REALIZADO
Auto Posto Nº 39,MG,SUDESTE,JUDICIAL,Escritório 2,ACORDO,R$ 749.383,PARCELADO,REALIZADO
Auto Posto Nº 40,SP,SÃO PAULO,JUDICIAL,Escritório 2,ACORDO,R$ 747.000,PARCELADO,NÃO REALIZADO
Auto Posto Nº 41,DF,CENTRO OESTE,JUDICIAL,Escritório 6,ACORDO,R$ 796.836,PARCELADO,REALIZADO
Auto Posto Nº 42,MT,CENTRO OESTE,JUDICIAL,Escritório 4,DECISÃO JUDICIAL,R$ 108.000,PARCELADO,REALIZADO
Auto Posto Nº 43,SP,SÃO PAULO,JUDICIAL,Escritório 2,ACORDO,R$ 722.898,PARCELADO,NÃO REALIZADO
Auto Posto Nº 44,PB,NORDESTE,JUDICIAL,Escritório 3,ACORDO,R$ 700.000,A VISTA,REALIZADO
Auto Posto Nº 45,PA,NORTE,JUDICIAL,Escritório 3,DECISÃO JUDICIAL,R$ 109.000,PARCELADO,REALIZADO
Auto Posto Nº 46,SP,SÃO PAULO,JUDICIAL,Escritório 2,ACORDO,R$ 900.000,PARCELADO,NÃO REALIZADO
Auto Posto Nº 47,SP,SÃO PAULO,JUDICIAL,Escritório 2,DECISÃO JUDICIAL,R$ 629.633,A VISTA,REALIZADO
Auto Posto Nº 48,SP,SÃO PAULO,JUDICIAL,Escritório 2,ACORDO,R$ 885.014,PARCELADO,REALIZADO
Auto Posto Nº 49,GO,CENTRO OESTE,JUDICIAL,Escritório 6,ACORDO,R$ 592.117,PARCELADO,REALIZADO
Auto Posto Nº 50,SC,SUL,EXTRAJUDICIAL,Jurídico Interno,ACORDO,R$ 861.645,PARCELADO,REALIZADO
Auto Posto Nº 51,SP,SÃO PAULO,JUDICIAL,Escritório 2,ACORDO,R$ 549.825,PARCELADO,REALIZADO
Auto Posto Nº 52,SP,SÃO PAULO,JUDICIAL,Escritório 2,ACORDO,R$ 508.081,A VISTA,REALIZADO
Auto Posto Nº 53,SP,SÃO PAULO,JUDICIAL,Escritório 2,DECISÃO JUDICIAL,R$ 550.159,A VISTA,REALIZADO
Auto Posto Nº 54,SP,SÃO PAULO,EXTRAJUDICIAL,Jurídico Interno,ACORDO,R$ 502.941,PARCELADO,REALIZADO
Auto Posto Nº 55,MG,SUDESTE,JUDICIAL,Escritório 2,ACORDO,R$ 1.400.000,PARCELADO,REALIZADO
Auto Posto Nº 56,RS,SUL,JUDICIAL,Escritório 6,ACORDO,R$ 500.000,A VISTA,NÃO REALIZADO
Auto Posto Nº 57,SP,SÃO PAULO,JUDICIAL,Escritório 2,ACORDO,R$ 495.825,PARCELADO,NÃO REALIZADO
Auto Posto Nº 58,DF,CENTRO OESTE,JUDICIAL,Escritório 6,ACORDO,R$ 485.000,A VISTA,REALIZADO
Auto Posto Nº 59,SP,SÃO PAULO,JUDICIAL,Escritório 2,DECISÃO JUDICIAL,R$ 110.000,PARCELADO,REALIZADO
Auto Posto Nº 60,MG,SUDESTE,JUDICIAL,Escritório 2,ACORDO,R$ 457.000,PARCELADO,NÃO REALIZADO
Auto Posto Nº 61,RS,SUL,EXTRAJUDICIAL,Jurídico Interno,ACORDO,R$ 477.848,PARCELADO,NÃO REALIZADO
Auto Posto Nº 62,SP,SÃO PAULO,JUDICIAL,Escritório 2,ACORDO,R$ 448.322,PARCELADO,NÃO REALIZADO
Auto Posto Nº 63,SP,SÃO PAULO,JUDICIAL,Escritório 2,ACORDO,R$ 200.000,PARCELADO,NÃO REALIZADO
Auto Posto Nº 64,SP,SÃO PAULO,JUDICIAL,Escritório 2,DECISÃO JUDICIAL,R$ 445.475,A VISTA,REALIZADO
Auto Posto Nº 65,BA,NORDESTE,JUDICIAL,Escritório 3,ACORDO,R$ 201.000,PARCELADO,REALIZADO
Auto Posto Nº 66,MG,SUDESTE,JUDICIAL,Escritório 2,ACORDO,R$ 424.080,PARCELADO,NÃO REALIZADO
Auto Posto Nº 67,AL,NORDESTE,JUDICIAL,Escritório 3,ACORDO,R$ 437.329,PARCELADO,REALIZADO
Auto Posto Nº 68,PI,NORDESTE,JUDICIAL,Escritório 3,ACORDO,R$ 416.872,PARCELADO,REALIZADO
Auto Posto Nº 69,SP,SÃO PAULO,JUDICIAL,Escritório 2,DECISÃO JUDICIAL,R$ 413.839,A VISTA,REALIZADO
Auto Posto Nº 70,SP,SÃO PAULO,JUDICIAL,Escritório 2,DECISÃO JUDICIAL,R$ 401.166,A VISTA,REALIZADO
Auto Posto Nº 71,SP,SÃO PAULO,JUDICIAL,Escritório 2,ACORDO,R$ 731.978,PARCELADO,NÃO REALIZADO
Auto Posto Nº 72,PE,NORDESTE,JUDICIAL,Escritório 3,ACORDO,R$ 407.095,PARCELADO,REALIZADO
Auto Posto Nº 73,SP,SÃO PAULO,JUDICIAL,Escritório 2,ACORDO,R$ 202.000,PARCELADO,NÃO REALIZADO
Auto Posto Nº 74,SP,SÃO PAULO,JUDICIAL,Escritório 2,DECISÃO JUDICIAL,R$ 393.188,A VISTA,REALIZADO
Auto Posto Nº 75,RS,SUL,JUDICIAL,Escritório 5,ACORDO,R$ 389.941,PARCELADO,NÃO REALIZADO
Auto Posto Nº 76,BA,NORDESTE,JUDICIAL,Escritório 3,ACORDO,R$ 1.000.000,A VISTA,REALIZADO
Auto Posto Nº 77,SP,SÃO PAULO,EXTRAJUDICIAL,Jurídico Interno,ACORDO,R$ 375.172,A VISTA,NÃO REALIZADO
Auto Posto Nº 78,SP,SÃO PAULO,JUDICIAL,Escritório 2,ACORDO,R$ 371.049,A VISTA,REALIZADO
Auto Posto Nº 79,RS,SUL,JUDICIAL,Escritório 6,ACORDO,R$ 600.000,A VISTA,NÃO REALIZADO
Auto Posto Nº 80,TO,NORTE,JUDICIAL,Escritório 3,ACORDO,R$ 363.557,A VISTA,REALIZADO
Auto Posto Nº 81,SP,SÃO PAULO,JUDICIAL,Escritório 2,ACORDO,R$ 372.856,A VISTA,REALIZADO
Auto Posto Nº 82,PR,SUL,JUDICIAL,Escritório 6,ACORDO,R$ 350.000,A VISTA,REALIZADO
Auto Posto Nº 83,MT,CENTRO OESTE,JUDICIAL,Escritório 4,ACORDO,R$ 528.495,PARCELADO,REALIZADO
Auto Posto Nº 84,SP,SÃO PAULO,JUDICIAL,Escritório 2,ACORDO,R$ 244.336,A VISTA,REALIZADO
Auto Posto Nº 85,AL,NORDESTE,JUDICIAL,Escritório 3,ACORDO,R$ 331.082,PARCELADO,REALIZADO
Auto Posto Nº 86,SP,SÃO PAULO,JUDICIAL,Escritório 7,ACORDO,R$ 339.561,A VISTA,REALIZADO
Auto Posto Nº 87,PE,NORDESTE,JUDICIAL,Escritório 3,ACORDO,R$ 307.639,PARCELADO,REALIZADO
Auto Posto Nº 88,SP,SÃO PAULO,JUDICIAL,Escritório 2,ACORDO,R$ 893.331,PARCELADO,REALIZADO
Auto Posto Nº 89,SE,NORDESTE,JUDICIAL,Escritório 3,ACORDO,R$ 203.000,PARCELADO,NÃO REALIZADO
Auto Posto Nº 90,RJ,SUDESTE,JUDICIAL,Escritório 2,DECISÃO JUDICIAL,R$ 358.678,A VISTA,REALIZADO
Auto Posto Nº 91,SP,SÃO PAULO,JUDICIAL,Escritório 2,DECISÃO JUDICIAL,R$ 303.731,A VISTA,REALIZADO
Auto Posto Nº 92,RS,SUL,JUDICIAL,Escritório 5,ACORDO,R$ 300.000,PARCELADO,REALIZADO
Auto Posto Nº 93,PE,NORDESTE,JUDICIAL,Escritório 3,DECISÃO JUDICIAL,R$ 308.666,A VISTA,REALIZADO
Auto Posto Nº 94,BA,NORDESTE,JUDICIAL,Escritório 7,DECISÃO JUDICIAL,R$ 204.000,PARCELADO,REALIZADO
Auto Posto Nº 95,GO ,CENTRO OESTE,JUDICIAL,Escritório 6,ACORDO,R$ 290.000,PARCELADO,REALIZADO
Auto Posto Nº 96,SP,SÃO PAULO,JUDICIAL,Escritório 2,ACORDO,R$ 280.879,PARCELADO,REALIZADO
Auto Posto Nº 97,SP,SÃO PAULO,JUDICIAL,Escritório 2,ACORDO,R$ 775.000,PARCELADO,REALIZADO
Auto Posto Nº 98,MG,SUDESTE,JUDICIAL,Escritório 2,ACORDO,R$ 261.409,A VISTA,NÃO REALIZADO
Auto Posto Nº 99,AM,NORTE,JUDICIAL,Escritório 3,ACORDO,R$ 258.156,PARCELADO,REALIZADO
Auto Posto Nº 100,SP,SÃO PAULO,JUDICIAL,Escritório 2,ACORDO,R$ 257.000,A VISTA,REALIZADO
Auto Posto Nº 101,SP,SÃO PAULO,JUDICIAL,Escritório 2,ACORDO,R$ 254.049,A VISTA,REALIZADO
Auto Posto Nº 102,PA,NORTE,EXTRAJUDICIAL,Jurídico Interno,ACORDO,R$ 250.571,PARCELADO,REALIZADO
Auto Posto Nº 103,PR,SUL,JUDICIAL,Escritório 5,ACORDO,R$ 205.000,A VISTA,REALIZADO
Auto Posto Nº 104,MT,CENTRO OESTE,JUDICIAL,Escritório 4,DECISÃO JUDICIAL,R$ 246.551,A VISTA,REALIZADO
Auto Posto Nº 105,MG,SUDESTE,EXTRAJUDICIAL,Jurídico Interno,ACORDO,R$ 240.749,PARCELADO,NÃO REALIZADO
Auto Posto Nº 106,SP,SÃO PAULO,JUDICIAL,Escritório 2,ACORDO,R$ 227.557,A VISTA,REALIZADO
Auto Posto Nº 107,SC,SUL,JUDICIAL,Escritório 5,ACORDO,R$ 222.764,PARCELADO,REALIZADO
Auto Posto Nº 108,CE,NORDESTE,JUDICIAL,Escritório 7,ACORDO,R$ 206.000,PARCELADO,NÃO REALIZADO
Auto Posto Nº 109,RS,SUL,JUDICIAL,Escritório 6,ACORDO,R$ 400.000,A VISTA,REALIZADO
Auto Posto Nº 110,RO,NORTE,JUDICIAL,Escritório 3,ACORDO,R$ 215.195,PARCELADO,REALIZADO
Auto Posto Nº 111,PB,NORDESTE,EXTRAJUDICIAL,Jurídico Interno,ACORDO,R$ 209.722,PARCELADO,REALIZADO
Auto Posto Nº 112,MT,CENTRO OESTE,JUDICIAL,Escritório 4,ACORDO,R$ 400.000,PARCELADO,REALIZADO
Auto Posto Nº 113,MA,NORDESTE,JUDICIAL,Escritório 3,ACORDO,R$ 207.393,PARCELADO,REALIZADO
Auto Posto Nº 114,MA,NORDESTE,JUDICIAL,Escritório 3,ACORDO,R$ 207.393,PARCELADO,REALIZADO
Auto Posto Nº 115,SP,SÃO PAULO,JUDICIAL,Escritório 2,ACORDO,R$ 205.697,PARCELADO,REALIZADO
Auto Posto Nº 116,SP,SÃO PAULO,JUDICIAL,Escritório 2,ACORDO,R$ 203.080,PARCELADO,REALIZADO
Auto Posto Nº 117,MA,NORDESTE,JUDICIAL,Escritório 3,ACORDO,R$ 207.393,PARCELADO,REALIZADO
Auto Posto Nº 118,GO,CENTRO OESTE,JUDICIAL,Escritório 6,ACORDO,R$ 390.333,PARCELADO,NÃO REALIZADO
Auto Posto Nº 119,MG,SUDESTE,JUDICIAL,Escritório 2,ACORDO,R$ 200.000,PARCELADO,REALIZADO
Auto Posto Nº 120,SP,SÃO PAULO,JUDICIAL,Escritório 2,ACORDO,R$ 203.628,PARCELADO,REALIZADO
Auto Posto Nº 121,BA,NORDESTE,JUDICIAL,Escritório 3,ACORDO,R$ 200.000,PARCELADO,REALIZADO
Auto Posto Nº 122,DF,CENTRO OESTE,JUDICIAL,Escritório 6,ACORDO,R$ 200.000,A VISTA,NÃO REALIZADO
Auto Posto Nº 123,AL,NORDESTE,JUDICIAL,Escritório 3,ACORDO,R$ 207.000,PARCELADO,REALIZADO
Auto Posto Nº 124,MG,SUDESTE,JUDICIAL,Escritório 2,ACORDO,R$ 195.000,PARCELADO,NÃO REALIZADO
Auto Posto Nº 125,SP,SÃO PAULO,JUDICIAL,Escritório 5,DECISÃO JUDICIAL,R$ 194.519,A VISTA,REALIZADO
Auto Posto Nº 126,RJ,SUDESTE,JUDICIAL,Escritório 2,DECISÃO JUDICIAL,R$ 191.599,PARCELADO,REALIZADO
Auto Posto Nº 127,PR,SUL,JUDICIAL,Escritório 5,ACORDO,R$ 180.396,A VISTA,REALIZADO
Auto Posto Nº 128,AM,NORTE,JUDICIAL,Escritório 3,ACORDO,R$ 242.956,PARCELADO,NÃO REALIZADO
Auto Posto Nº 129,SP,SÃO PAULO,JUDICIAL,Escritório 2,DECISÃO JUDICIAL,R$ 208.000,PARCELADO,REALIZADO
Auto Posto Nº 130,MG,SUDESTE,JUDICIAL,Escritório 2,DECISÃO JUDICIAL,R$ 174.696,A VISTA,REALIZADO
Auto Posto Nº 131,SP,SÃO PAULO,JUDICIAL,Escritório 2,ACORDO,R$ 170.000,PARCELADO,REALIZADO
Auto Posto Nº 132,MG,SUDESTE,JUDICIAL,Escritório 7,ACORDO,R$ 162.271,A VISTA,REALIZADO
Auto Posto Nº 133,SP,SÃO PAULO,EXTRAJUDICIAL,Jurídico Interno,ACORDO,R$ 154.873,PARCELADO,NÃO REALIZADO
Auto Posto Nº 134,SP,SÃO PAULO,JUDICIAL,Escritório 2,DECISÃO JUDICIAL,R$ 154.598,A VISTA,REALIZADO
Auto Posto Nº 135,MG,SUDESTE,JUDICIAL,Escritório 2,ACORDO,R$ 152.657,A VISTA,REALIZADO
Auto Posto Nº 136,AL,NORDESTE,JUDICIAL,Escritório 3,ACORDO,R$ 151.300,A VISTA,REALIZADO
Auto Posto Nº 137,PR,SUL,JUDICIAL,Escritório 6,DECISÃO JUDICIAL,R$ 140.205,A VISTA,REALIZADO
Auto Posto Nº 138,SP,SÃO PAULO,JUDICIAL,Escritório 2,DECISÃO JUDICIAL,R$ 134.523,A VISTA,REALIZADO
Auto Posto Nº 139,MT,CENTRO OESTE,JUDICIAL,Escritório 4,ACORDO,R$ 130.500,PARCELADO,NÃO REALIZADO
Auto Posto Nº 140,SP,SÃO PAULO,JUDICIAL,Escritório 2,DECISÃO JUDICIAL,R$ 130.444,A VISTA,REALIZADO
Rede Abastecedora Número 1,RJ,SUDESTE,JUDICIAL,Escritório 2,DECISÃO JUDICIAL,R$ 126.172,A VISTA,REALIZADO
Rede Abastecedora Número 2,RJ,SUDESTE,JUDICIAL,Escritório 2,ACORDO,R$ 121.600,PARCELADO,REALIZADO
Rede Abastecedora Número 3,RS,SUL,JUDICIAL,Escritório 6,ACORDO,R$ 209.000,PARCELADO,REALIZADO
Rede Abastecedora Número 4,BA,NORDESTE,EXTRAJUDICIAL,Jurídico Interno,ACORDO,R$ 356.974,PARCELADO,REALIZADO
Rede Abastecedora Número 5,MG,SUDESTE,JUDICIAL,Escritório 2,DECISÃO JUDICIAL,R$ 118.737,PARCELADO,REALIZADO
Rede Abastecedora Número 6,CE,NORDESTE,JUDICIAL,Escritório 3,ACORDO,R$ 118.416,A VISTA,NÃO REALIZADO
Rede Abastecedora Número 7,SP,SÃO PAULO,JUDICIAL,Escritório 2,ACORDO,R$ 103.041,PARCELADO,NÃO REALIZADO
Rede Abastecedora Número 8,SP,SÃO PAULO,JUDICIAL,Escritório 2,DECISÃO JUDICIAL,R$ 102.868,A VISTA,REALIZADO
Rede Abastecedora Número 9,SP,SÃO PAULO,JUDICIAL,Escritório 7,ACORDO,R$ 210.000,PARCELADO,NÃO REALIZADO
Rede Abastecedora Número 10,MT,CENTRO OESTE,JUDICIAL,Escritório 4,ACORDO,R$ 340.125,A VISTA,NÃO REALIZADO
Rede Abastecedora Número 11,RN,NORDESTE,JUDICIAL,Escritório 3,ACORDO,R$ 100.000,A VISTA,NÃO REALIZADO
Rede Abastecedora Número 12,CE,NORDESTE,JUDICIAL,Escritório 3,ACORDO,R$ 98.760,PARCELADO,NÃO REALIZADO
Rede Abastecedora Número 13,SP,SÃO PAULO,JUDICIAL,Escritório 2,DECISÃO JUDICIAL,R$ 95.788,A VISTA,REALIZADO
Rede Abastecedora Número 14,RJ,SUDESTE,JUDICIAL,Escritório 2,ACORDO,R$ 336.870,PARCELADO,REALIZADO
Rede Abastecedora Número 15,GO,CENTRO OESTE,JUDICIAL,Escritório 6,DECISÃO JUDICIAL,R$ 86.202,A VISTA,REALIZADO
Rede Abastecedora Número 16,RJ,SUDESTE,JUDICIAL,Escritório 2,DECISÃO JUDICIAL,R$ 80.000,A VISTA,REALIZADO
Rede Abastecedora Número 17,SP,SÃO PAULO,JUDICIAL,Escritório 2,ACORDO,R$ 405.441,PARCELADO,REALIZADO
Rede Abastecedora Número 18,SP,SÃO PAULO,JUDICIAL,Escritório 2,ACORDO,R$ 300.000,PARCELADO,REALIZADO
Rede Abastecedora Número 19,ES,SUDESTE,JUDICIAL,Escritório 2,ACORDO,R$ 77.685,A VISTA,REALIZADO
Rede Abastecedora Número 20,CE,NORDESTE,JUDICIAL,Escritório 3,ACORDO,R$ 301.000,A VISTA,NÃO REALIZADO
Rede Abastecedora Número 21,SP,SÃO PAULO,JUDICIAL,Escritório 2,DECISÃO JUDICIAL,R$ 62.697,A VISTA,REALIZADO
Rede Abastecedora Número 22,BA,NORDESTE,JUDICIAL,Escritório 3,ACORDO,R$ 60.974,A VISTA,NÃO REALIZADO
Rede Abastecedora Número 23,BA,NORDESTE,EXTRAJUDICIAL,Jurídico Interno,ACORDO,R$ 311.523,PARCELADO,REALIZADO
Rede Abastecedora Número 24,MT,CENTRO OESTE,EXTRAJUDICIAL,Jurídico Interno,ACORDO,R$ 302.000,PARCELADO,REALIZADO
Rede Abastecedora Número 25,MG,SUDESTE,JUDICIAL,Escritório 2,DECISÃO JUDICIAL,R$ 52.993,A VISTA,REALIZADO
Rede Abastecedora Número 26,PR,SUL,JUDICIAL,Escritório 6,ACORDO,R$ 303.000,PARCELADO,REALIZADO
Rede Abastecedora Número 27,SE,NORDESTE,JUDICIAL,Escritório 3,ACORDO,R$ 53.697,A VISTA,NÃO REALIZADO
Rede Abastecedora Número 28,SP,SÃO PAULO,JUDICIAL,Escritório 7,ACORDO,R$ 304.000,A VISTA,REALIZADO
Rede Abastecedora Número 29,PB,NORDESTE,JUDICIAL,Escritório 3,DECISÃO JUDICIAL,R$ 48.433,A VISTA,REALIZADO
Rede Abastecedora Número 30,MT,CENTRO OESTE,JUDICIAL,Escritório 4,ACORDO,R$ 305.000,PARCELADO,REALIZADO
Rede Abastecedora Número 31,MG,SUDESTE,JUDICIAL,Escritório 2,ACORDO,R$ 43.770,A VISTA,REALIZADO
Rede Abastecedora Número 32,AL,NORDESTE,JUDICIAL,Escritório 3,ACORDO,R$ 41.443,A VISTA,NÃO REALIZADO
Rede Abastecedora Número 33,SP,SÃO PAULO,JUDICIAL,Escritório 2,DECISÃO JUDICIAL,R$ 40.404,A VISTA,REALIZADO
Rede Abastecedora Número 34,SP,SÃO PAULO,JUDICIAL,Escritório 2,DECISÃO JUDICIAL,R$ 37.313,A VISTA,REALIZADO
Rede Abastecedora Número 35,MS,CENTRO OESTE,JUDICIAL,Escritório 4,DECISÃO JUDICIAL,R$ 35.654,A VISTA,REALIZADO
Rede Abastecedora Número 36,GO,CENTRO OESTE,JUDICIAL,Escritório 6,DECISÃO JUDICIAL,R$ 29.390,A VISTA,REALIZADO
Rede Abastecedora Número 37,SP,SÃO PAULO,JUDICIAL,Escritório 2,DECISÃO JUDICIAL,R$ 27.462,A VISTA,REALIZADO
Rede Abastecedora Número 38,RJ,SUDESTE,JUDICIAL,Escritório 2,ACORDO,R$ 25.494,A VISTA,REALIZADO
Rede Abastecedora Número 39,SP,SÃO PAULO,JUDICIAL,Escritório 2,DECISÃO JUDICIAL,R$ 25.143,A VISTA,REALIZADO
Rede Abastecedora Número 40,GO,CENTRO OESTE,JUDICIAL,Escritório 6,DECISÃO JUDICIAL,R$ 22.666,A VISTA,REALIZADO
Rede Abastecedora Número 41,SP,SÃO PAULO,JUDICIAL,Escritório 2,DECISÃO JUDICIAL,R$ 19.221,A VISTA,REALIZADO
Rede Abastecedora Número 42,MT,CENTRO OESTE,JUDICIAL,Escritório 4,DECISÃO JUDICIAL,R$ 18.704,A VISTA,REALIZADO
Rede Abastecedora Número 43,SP,SÃO PAULO,JUDICIAL,Escritório 5,DECISÃO JUDICIAL,R$ 16.605,A VISTA,REALIZADO
Rede Abastecedora Número 44,GO,CENTRO OESTE,JUDICIAL,Escritório 6,ACORDO,R$ 306.000,PARCELADO,NÃO REALIZADO
Rede Abastecedora Número 45,PR,SUL,JUDICIAL,Escritório 6,DECISÃO JUDICIAL,R$ 14.390,A VISTA,REALIZADO
Rede Abastecedora Número 46,SP,SÃO PAULO,JUDICIAL,Escritório 2,DECISÃO JUDICIAL,R$ 13.798,A VISTA,REALIZADO
Rede Abastecedora Número 47,SP,SÃO PAULO,JUDICIAL,Escritório 2,DECISÃO JUDICIAL,R$ 12.531,A VISTA,REALIZADO
Rede Abastecedora Número 48,GO,CENTRO OESTE,JUDICIAL,Escritório 6,DECISÃO JUDICIAL,R$ 11.647,A VISTA,REALIZADO
Rede Abastecedora Número 49,SP,SÃO PAULO,JUDICIAL,Escritório 2,DECISÃO JUDICIAL,R$ 10.744,A VISTA,REALIZADO
Rede Abastecedora Número 50,SP,SÃO PAULO,JUDICIAL,Escritório 2,DECISÃO JUDICIAL,R$ 9.807,A VISTA,REALIZADO
Rede Abastecedora Número 51,SP,SÃO PAULO,JUDICIAL,Escritório 2,DECISÃO JUDICIAL,R$ 9.885,A VISTA,REALIZADO
Rede Abastecedora Número 52,SP,SÃO PAULO,JUDICIAL,Escritório 2,DECISÃO JUDICIAL,R$ 6.636,A VISTA,REALIZADO
Rede Abastecedora Número 53,PI,NORDESTE,JUDICIAL,Escritório 3,ACORDO,R$ 307.000,PARCELADO,NÃO REALIZADO
Rede Abastecedora Número 54,SP,SÃO PAULO,JUDICIAL,Escritório 2,DECISÃO JUDICIAL,R$ 5.678,A VISTA,REALIZADO
Rede Abastecedora Número 55,AL,NORDESTE,JUDICIAL,Escritório 3,DECISÃO JUDICIAL,R$ 5.239,A VISTA,REALIZADO
Rede Abastecedora Número 56,MG,SUDESTE,JUDICIAL,Escritório 2,DECISÃO JUDICIAL,R$ 4.982,A VISTA,REALIZADO
Rede Abastecedora Número 57,SP,SÃO PAULO,JUDICIAL,Escritório 2,DECISÃO JUDICIAL,R$ 4.277,A VISTA,REALIZADO
Rede Abastecedora Número 58,SP,SÃO PAULO,JUDICIAL,Escritório 2,DECISÃO JUDICIAL,R$ 2.902,A VISTA,REALIZADO
Rede Abastecedora Número 59,SP,SÃO PAULO,JUDICIAL,Escritório 2,DECISÃO JUDICIAL,R$ 2.249,A VISTA,REALIZADO
Rede Abastecedora Número 60,SP,SÃO PAULO,JUDICIAL,Escritório 7,DECISÃO JUDICIAL,R$ 2.196,A VISTA,REALIZADO
Rede Abastecedora Número 61,RJ,SUDESTE,JUDICIAL,Escritório 2,DECISÃO JUDICIAL,R$ 2.113,A VISTA,REALIZADO
Rede Abastecedora Número 62,MS,CENTRO OESTE,JUDICIAL,Escritório 4,DECISÃO JUDICIAL,R$ 1.867,A VISTA,REALIZADO
Rede Abastecedora Número 63,SP,SÃO PAULO,JUDICIAL,Escritório 2,DECISÃO JUDICIAL,R$ 1.462,A VISTA,REALIZADO
Rede Abastecedora Número 64,SP,SÃO PAULO,JUDICIAL,Escritório 2,DECISÃO JUDICIAL,R$ 748,A VISTA,REALIZADO
Rede Abastecedora Número 65,SP,SÃO PAULO,JUDICIAL,Escritório 2,DECISÃO JUDICIAL,R$ 689,A VISTA,REALIZADO
Rede Abastecedora Número 66,SP,SÃO PAULO,JUDICIAL,Escritório 2,DECISÃO JUDICIAL,R$ 562,A VISTA,REALIZADO
Rede Abastecedora Número 67,RJ,SUDESTE,JUDICIAL,Escritório 7,DECISÃO JUDICIAL,R$ 502,A VISTA,REALIZADO
Rede Abastecedora Número 68,SP,SÃO PAULO,JUDICIAL,Escritório 2,DECISÃO JUDICIAL,R$ 219,A VISTA,REALIZADO
Rede Abastecedora Número 69,PR,SUL,JUDICIAL,Escritório 6,ACORDO,R$ 215.178,PARCELADO,REALIZADO
Rede Abastecedora Número 70,DF,CENTRO OESTE,JUDICIAL,Escritório 6,DECISÃO JUDICIAL,R$ 211.142,A VISTA,REALIZADO
Rede Abastecedora Número 71,RS,SUL,JUDICIAL,Escritório 6,ACORDO,R$ 200.000,A VISTA,REALIZADO
Rede Abastecedora Número 72,SP,SÃO PAULO,JUDICIAL,Escritório 2,ACORDO,R$ 400.000,A VISTA,REALIZADO
Rede Abastecedora Número 73,SP,SÃO PAULO,JUDICIAL,Escritório 2,ACORDO,R$ 308.000,PARCELADO,NÃO REALIZADO
Rede Abastecedora Número 74,BA,NORDESTE,EXTRAJUDICIAL,Jurídico Interno,ACORDO,R$ 201.664,PARCELADO,REALIZADO
Rede Abastecedora Número 75,PR,SUL,JUDICIAL,Escritório 6,ACORDO,R$ 309.000,A VISTA,REALIZADO
Rede Abastecedora Número 76,RJ,SUDESTE,JUDICIAL,Escritório 2,ACORDO,R$ 150.000,A VISTA,REALIZADO
Rede Abastecedora Número 77,SP,SÃO PAULO,JUDICIAL,Escritório 2,ACORDO,R$ 120.747,A VISTA,NÃO REALIZADO
Rede Abastecedora Número 78,SP,SÃO PAULO,JUDICIAL,Escritório 5,ACORDO,R$ 350.000,PARCELADO,NÃO REALIZADO
Rede Abastecedora Número 79,SP,SÃO PAULO,JUDICIAL,Escritório 2,ACORDO,R$ 109.724,PARCELADO,REALIZADO
Rede Abastecedora Número 80,ES,SUDESTE,JUDICIAL,Escritório 2,ACORDO,R$ 106.739,PARCELADO,REALIZADO
Rede Abastecedora Número 81,ES,SUDESTE,JUDICIAL,Escritório 2,ACORDO,R$ 104.469,PARCELADO,REALIZADO
Rede Abastecedora Número 82,SP,SÃO PAULO,JUDICIAL,Escritório 2,ACORDO,R$ 310.000,A VISTA,REALIZADO
Rede Abastecedora Número 83,MG,SUDESTE,JUDICIAL,Escritório 2,ACORDO,R$ 1.500.000,A VISTA,NÃO REALIZADO
Rede Abastecedora Número 84,SP,SÃO PAULO,JUDICIAL,Escritório 7,DECISÃO JUDICIAL,R$ 35.000,A VISTA,REALIZADO
Rede Abastecedora Número 85,MT,CENTRO OESTE,JUDICIAL,Escritório 7,ACORDO,R$ 313.994,PARCELADO,REALIZADO
Rede Abastecedora Número 86,SP,SÃO PAULO,JUDICIAL,Escritório 5,DECISÃO JUDICIAL,R$ 27.000,A VISTA,REALIZADO
Rede Abastecedora Número 87,GO,CENTRO OESTE,JUDICIAL,Escritório 6,ACORDO,R$ 1.530.000,PARCELADO,NÃO REALIZADO
Rede Abastecedora Número 88,SP,SÃO PAULO,JUDICIAL,Escritório 2,DECISÃO JUDICIAL,R$ 70.000,A VISTA,REALIZADO
Rede Abastecedora Número 89,PA,NORTE,JUDICIAL,Escritório 3,DECISÃO JUDICIAL,R$ 12.000,A VISTA,REALIZADO
Rede Abastecedora Número 90,AM,NORTE,JUDICIAL,Escritório 7,ACORDO,R$ 1.550.000,A VISTA,REALIZADO
Rede Abastecedora Número 91,RJ,SUDESTE,JUDICIAL,Escritório 2,ACORDO,R$ 1.560.000,PARCELADO,REALIZADO
Rede Abastecedora Número 92,SP,SÃO PAULO,JUDICIAL,Escritório 2,DECISÃO JUDICIAL,R$ 62.000,A VISTA,REALIZADO
Rede Abastecedora Número 93,SP,SÃO PAULO,JUDICIAL,Escritório 2,ACORDO,R$ 1.580.000,PARCELADO,NÃO REALIZADO
Rede Abastecedora Número 94,SC,SUL,JUDICIAL,Escritório 6,ACORDO,R$ 1.590.000,PARCELADO,REALIZADO
Rede Abastecedora Número 95,SP,SÃO PAULO,JUDICIAL,Escritório 2,ACORDO,R$ 1.600.000,PARCELADO,NÃO REALIZADO
Rede Abastecedora Número 96,SP,SÃO PAULO,JUDICIAL,Escritório 7,ACORDO,R$ 2.800.000,PARCELADO,NÃO REALIZADO
Rede Abastecedora Número 97,PR,SUL,JUDICIAL,Escritório 6,ACORDO,R$ 2.700.000,PARCELADO,REALIZADO
Rede Abastecedora Número 98,PR,SUL,JUDICIAL,Escritório 6,ACORDO,R$ 2.300.000,PARCELADO,REALIZADO
Rede Abastecedora Número 99,SP,SÃO PAULO,JUDICIAL,Escritório 7,ACORDO,R$ 2.224.161,PARCELADO,NÃO REALIZADO
Rede Abastecedora Número 100,PR,SUL,JUDICIAL,Escritório 6,ACORDO,R$ 1.901.162,PARCELADO,REALIZADO
Rede Abastecedora Número 101,PA,NORTE,JUDICIAL,Escritório 7,ACORDO,R$ 1.750.000,A VISTA,REALIZADO
Rede Abastecedora Número 102,SP,SÃO PAULO,JUDICIAL,Escritório 7,ACORDO,R$ 1.700.000,PARCELADO,NÃO REALIZADO
Rede Abastecedora Número 103,RS,SUL,JUDICIAL,Escritório 6,ACORDO,R$ 1.000.000,A VISTA,REALIZADO
Rede Abastecedora Número 104,RJ,SUDESTE,JUDICIAL,Escritório 2,ACORDO,R$ 933.172,PARCELADO,NÃO REALIZADO
Rede Abastecedora Número 105,SP,SÃO PAULO,JUDICIAL,Escritório 7,ACORDO,R$ 860.000,PARCELADO,NÃO REALIZADO
Rede Abastecedora Número 106,SP,SÃO PAULO,JUDICIAL,Escritório 7,ACORDO,R$ 834.898,PARCELADO,NÃO REALIZADO
Rede Abastecedora Número 107,RS,SUL,JUDICIAL,Escritório 6,ACORDO,R$ 540.000,A VISTA,REALIZADO
Rede Abastecedora Número 108,SP,SÃO PAULO,JUDICIAL,Escritório 7,ACORDO,R$ 150.000,PARCELADO,NÃO REALIZADO
Rede Abastecedora Número 109,SP,SÃO PAULO,JUDICIAL,Escritório 7,ACORDO,R$ 450.000,PARCELADO,NÃO REALIZADO
Rede Abastecedora Número 110,SP,SÃO PAULO,JUDICIAL,Escritório 7,ACORDO,R$ 400.000,A VISTA,NÃO REALIZADO
Rede Abastecedora Número 111,SC,SUL,JUDICIAL,Escritório 6,ACORDO,R$ 325.884,PARCELADO,REALIZADO
Rede Abastecedora Número 112,RJ,SUDESTE,JUDICIAL,Escritório 7,ACORDO,R$ 21.400.000,A VISTA,REALIZADO
Rede Abastecedora Número 113,MA,NORTE,JUDICIAL,Escritório 3,ACORDO,R$ 308.000,PARCELADO,NÃO REALIZADO
Rede Abastecedora Número 114,PR,SUL,JUDICIAL,Escritório 6,DECISÃO JUDICIAL,R$ 57.365,A VISTA,REALIZADO
Rede Abastecedora Número 115,PR,SUL,JUDICIAL,Escritório 5,ACORDO,R$ 320.000,A VISTA,REALIZADO
Rede Abastecedora Número 116,SP,SÃO PAULO,JUDICIAL,Escritório 2,ACORDO,R$ 300.000,PARCELADO,NÃO REALIZADO
Rede Abastecedora Número 117,RJ,SUDESTE,JUDICIAL,Escritório 2,DECISÃO JUDICIAL,R$ 16.728,A VISTA,REALIZADO
Rede Abastecedora Número 118,SP,SÃO PAULO,JUDICIAL,Escritório 7,ACORDO,R$ 190.071,PARCELADO,NÃO REALIZADO
Rede Abastecedora Número 119,SP,SÃO PAULO,JUDICIAL,Escritório 7,ACORDO,R$ 78.659,PARCELADO,REALIZADO
Rede Abastecedora Número 120,SP,SÃO PAULO,JUDICIAL,Escritório 2,DECISÃO JUDICIAL,R$ 4.442,A VISTA,REALIZADO
Rede Abastecedora Número 121,SP,SÃO PAULO,JUDICIAL,Escritório 7,ACORDO,R$ 50.000,A VISTA,REALIZADO
Rede Abastecedora Número 122,SP,SÃO PAULO,JUDICIAL,Escritório 7,ACORDO,R$ 48.555,A VISTA,REALIZADO
Rede Abastecedora Número 123,SP,SÃO PAULO,JUDICIAL,Escritório 2,DECISÃO JUDICIAL,R$ 137,A VISTA,REALIZADO
Rede Abastecedora Número 124,SP,SÃO PAULO,JUDICIAL,Escritório 7,ACORDO,R$ 4.123.417,PARCELADO,REALIZADO
Rede Abastecedora Número 125,SP,SÃO PAULO,JUDICIAL,Escritório 2,DECISÃO JUDICIAL,R$ 757,A VISTA,REALIZADO
Rede Abastecedora Número 126,SP,SÃO PAULO,JUDICIAL,Escritório 2,DECISÃO JUDICIAL,R$ 617.402,A VISTA,REALIZADO
Rede Abastecedora Número 127,SP,SÃO PAULO,JUDICIAL,Escritório 7,ACORDO,R$ 1.172.863,PARCELADO,REALIZADO
Rede Abastecedora Número 128,SP,SÃO PAULO,JUDICIAL,Escritório 7,ACORDO,R$ 150.000,A VISTA,REALIZADO
Rede Abastecedora Número 129,SP,SÃO PAULO,JUDICIAL,Escritório 7,ACORDO,R$ 1.754.553,PARCELADO,REALIZADO
Rede Abastecedora Número 130,SP,SÃO PAULO,JUDICIAL,Escritório 2,DECISÃO JUDICIAL,R$ 3.346,A VISTA,REALIZADO
Rede Abastecedora Número 131,SP,SÃO PAULO,JUDICIAL,Escritório 2,DECISÃO JUDICIAL,R$ 463,A VISTA,REALIZADO
Rede Abastecedora Número 132,SP,SÃO PAULO,JUDICIAL,Escritório 7,DECISÃO JUDICIAL,R$ 75.728,A VISTA,REALIZADO
Rede Abastecedora Número 133,SP ,São Paulo,JUDICIAL,Escritório 2,DECISÃO JUDICIAL,R$ 535,A VISTA,REALIZADO
Rede Abastecedora Número 134,SP,SÃO PAULO,JUDICIAL,Escritório 2,ACORDO,R$ 150.000,PARCELADO,REALIZADO
Rede Abastecedora Número 135,RO,NORTE,JUDICIAL,Escritório 7,ACORDO,R$ 215.000,PARCELADO,NÃO REALIZADO
Rede Abastecedora Número 136,RS,SUL,JUDICIAL,Escritório 7,ACORDO,R$ 150.000,PARCELADO,REALIZADO
Rede Abastecedora Número 137,SP,SÃO PAULO,JUDICIAL,Escritório 7,ACORDO,R$ 390.000,PARCELADO,REALIZADO
Rede Abastecedora Número 138,SP,SÃO PAULO,JUDICIAL,Escritório 7,ACORDO,R$ 181.097,PARCELADO,REALIZADO
Rede Abastecedora Número 139,SP,SÃO PAULO,JUDICIAL,Escritório 7,ACORDO,R$ 750.000,PARCELADO,REALIZADO
Rede Abastecedora Número 140,SP,SÃO PAULO,EXTRAJUDICIAL,Jurídico Interno,ACORDO,R$ 275.732,PARCELADO,NÃO REALIZADO
Auto Posto Segunda-Feira,SP,SÃO PAULO,JUDICIAL,Escritório 7,ACORDO,R$ 750.000,PARCELADO,NÃO REALIZADO
Auto Posto Terça-feira,SP,SÃO PAULO,JUDICIAL,Escritório 7,ACORDO,R$ 1.700.000,PARCELADO,NÃO REALIZADO
Auto Posto Quarta-feira,PR,SUL,JUDICIAL,Escritório 6,ACORDO,R$ 313.784,PARCELADO,NÃO REALIZADO
Auto Posto Quinta-feira,SP,SÃO PAULO,JUDICIAL,Escritório 2,ACORDO,R$ 165.000,PARCELADO,NÃO REALIZADO
Auto Posto Sexta-feira,SP,SÃO PAULO,JUDICIAL,Escritório 2,DECISÃO JUDICIAL,R$ 1.490,A VISTA,REALIZADO
Auto Posto Sábado,SP,SÃO PAULO,JUDICIAL,Escritório 2,DECISÃO JUDICIAL,R$ 16.457,A VISTA,REALIZADO
Auto Posto Domingo,PR,SUL,JUDICIAL,Escritório 6,DECISÃO JUDICIAL,R$ 146.160,PARCELADO,REALIZADO
Auto Posto Mais 1,RJ,SUDESTE,JUDICIAL,Escritório 2,DECISÃO JUDICIAL,R$ 5.105,A VISTA,REALIZADO
Auto Posto Mais 2,SP,SÃO PAULO,EXTRAJUDICIAL,Jurídico Interno,ACORDO,R$ 5.172.201,PARCELADO,REALIZADO
Auto Posto Mais 3,SP,SÃO PAULO,JUDICIAL,Escritório 7,ACORDO,R$ 895.429,PARCELADO,NÃO REALIZADO
Auto Posto Mais 4,SP,SÃO PAULO,JUDICIAL,Escritório 2,ACORDO,R$ 316.119,PARCELADO,NÃO REALIZADO
Auto Posto Mais 5,RS,SUL,EXTRAJUDICIAL,Jurídico Interno,ACORDO,R$ 120.003,PARCELADO,NÃO REALIZADO
Auto Posto Mais 6,TO,NORTE,JUDICIAL,Escritório 7,ACORDO,R$ 79.984,PARCELADO,REALIZADO
Auto Posto Mais 7,MG,SUDESTE,JUDICIAL,Escritório 2,ACORDO,R$ 52.964,PARCELADO,REALIZADO
Auto Posto Mais 8,GO ,CENTRO OESTE,JUDICIAL,Escritório 4,DECISÃO JUDICIAL,R$ 350,A VISTA,REALIZADO
Auto Posto Mais 9,GO ,CENTRO OESTE,JUDICIAL,Escritório 4,DECISÃO JUDICIAL,R$ 750.000,PARCELADO,REALIZADO
Auto Posto Mais 10,SP,SÃO PAULO,EXTRAJUDICIAL,Jurídico Interno,ACORDO,R$ 265.922,PARCELADO,NÃO REALIZADO
Auto Posto Mais 11,BA,NORDESTE,JUDICIAL,Escritório 7,ACORDO,R$ 283.842,PARCELADO,REALIZADO
Auto Posto Mais 12,PI,NORDESTE,JUDICIAL,Escritório 7,ACORDO,R$ 240.129,PARCELADO,REALIZADO
Auto Posto Mais 13,RN,NORDESTE,JUDICIAL,Escritório 7,ACORDO,R$ 85.342,A VISTA,REALIZADO
Auto Posto Mais 14,MG,SUDESTE,JUDICIAL,Escritório 1,DECISÃO JUDICIAL,R$ 146.509,A VISTA,REALIZADO
Auto Posto Mais 15,SP,SÃO PAULO,JUDICIAL,Escritório 5,ACORDO,R$ 200.000,A VISTA,REALIZADO
Auto Posto Mais 16,SP,SÃO PAULO,JUDICIAL,Escritório 2,DECISÃO JUDICIAL,R$ 6.960,A VISTA,REALIZADO
Auto Posto Mais 17,SP,SÃO PAULO,JUDICIAL,Escritório 2,DECISÃO JUDICIAL,R$ 1.377.720,A VISTA,REALIZADO
Auto Posto Mais 18,SP,SÃO PAULO,JUDICIAL,Escritório 2,DECISÃO JUDICIAL,R$ 19.721,A VISTA,REALIZADO
Auto Posto Mais 19,SP,SÃO PAULO,JUDICIAL,Escritório 2,DECISÃO JUDICIAL,R$ 28.514,A VISTA,REALIZADO
Auto Posto Mais 20,MT,CENTRO OESTE,JUDICIAL,Escritório 4,DECISÃO JUDICIAL,R$ 9.219,A VISTA,REALIZADO
Auto Posto Mais 21,SC,SUL,JUDICIAL,Escritório 6,ACORDO,R$ 315.212,A VISTA,NÃO REALIZADO
Auto Posto Mais 22,SC,SUL,JUDICIAL,Escritório 6,DECISÃO JUDICIAL,R$ 765.510,A VISTA,REALIZADO
Auto Posto Mais 23,RN,NORDESTE,JUDICIAL,Escritório 3,ACORDO,R$ 144.183,PARCELADO,REALIZADO
Auto Posto Mais 24,SP,SÃO PAULO,JUDICIAL,Escritório 2,DECISÃO JUDICIAL,R$ 134.425,A VISTA,REALIZADO
Auto Posto Mais 25,SP,SÃO PAULO,JUDICIAL,Escritório 2,ACORDO,R$ 400.000,A VISTA,NÃO REALIZADO
Auto Posto Mais 26,CE,NORDESTE,JUDICIAL,Escritório 3,ACORDO,R$ 123.574,A VISTA,REALIZADO
Auto Posto Mais 27,SC,SUL,JUDICIAL,Escritório 6,ACORDO,R$ 270.000,A VISTA,REALIZADO
Auto Posto Mais 28,SP,SÃO PAULO,JUDICIAL,Escritório 2,DECISÃO JUDICIAL,R$ 302.302,A VISTA,REALIZADO
Auto Posto Mais 29,SP,SÃO PAULO,JUDICIAL,Escritório 2,DECISÃO JUDICIAL,R$ 94.369,PARCELADO,REALIZADO
Auto Posto Mais 30,SP,SÃO PAULO,JUDICIAL,Escritório 2,DECISÃO JUDICIAL,R$ 2.693,A VISTA,REALIZADO
Auto Posto Mais 31,MG,SUDESTE,JUDICIAL,Escritório 2,DECISÃO JUDICIAL,R$ 9.845,A VISTA,REALIZADO
Auto Posto Mais 32,PE,NORDESTE,JUDICIAL,Escritório 3,ACORDO,R$ 388.057,PARCELADO,REALIZADO
Auto Posto Mais 33,AL,NORDESTE,EXTRAJUDICIAL,Jurídico Interno,ACORDO,R$ 411.267,PARCELADO,NÃO REALIZADO
Auto Posto Mais 34,AL,NORDESTE,JUDICIAL,Escritório 3,ACORDO,R$ 719.872,PARCELADO,NÃO REALIZADO
Auto Posto Mais 35,CE,NORDESTE,JUDICIAL,Escritório 3,ACORDO,R$ 500.000,PARCELADO,NÃO REALIZADO
Auto Posto Mais 36,MA,NORDESTE,JUDICIAL,Escritório 3,ACORDO,R$ 250.677,A VISTA,NÃO REALIZADO
Auto Posto Mais 37,CE,NORDESTE,JUDICIAL,Escritório 3,ACORDO,R$ 201.820,PARCELADO,NÃO REALIZADO
Auto Posto Mais 38,PB,NORDESTE,JUDICIAL,Escritório 3,ACORDO,R$ 129.053,A VISTA,NÃO REALIZADO
Auto Posto Mais 39,SP,SÃO PAULO,JUDICIAL,Escritório 2,DECISÃO JUDICIAL,R$ 7.178,A VISTA,REALIZADO
Auto Posto Mais 40,SP,SÃO PAULO,JUDICIAL,Escritório 2,DECISÃO JUDICIAL,R$ 101.776,A VISTA,REALIZADO
Auto Posto Mais 41,SP,SÃO PAULO,JUDICIAL,Escritório 2,DECISÃO JUDICIAL,R$ 99.858,A VISTA,REALIZADO
Auto Posto Mais 42,RJ,SUDESTE,JUDICIAL,Escritório 2,DECISÃO JUDICIAL,R$ 335.887,A VISTA,REALIZADO
Auto Posto Mais 43,SP,SÃO PAULO,JUDICIAL,Escritório 2,ACORDO,R$ 350.000,PARCELADO,REALIZADO
Auto Posto Mais 44,SP,SÃO PAULO,JUDICIAL,Escritório 2,ACORDO,R$ 414.755,PARCELADO,REALIZADO
Auto Posto Mais 45,GO,CENTRO OESTE,JUDICIAL,Escritório 6,ACORDO,R$ 2.000.000,PARCELADO,NÃO REALIZADO
Auto Posto Mais 46,SP,SÃO PAULO,JUDICIAL,Escritório 2,ACORDO,R$ 100.000,PARCELADO,REALIZADO
Auto Posto Mais 47,PR,SUL,JUDICIAL,Escritório 6,ACORDO,R$ 1.000.000,A VISTA,REALIZADO
Auto Posto Mais 48,SP,SÃO PAULO,JUDICIAL,Escritório 2,DECISÃO JUDICIAL,R$ 750,A VISTA,REALIZADO
Auto Posto Mais 49,RJ,SUDESTE,JUDICIAL,Escritório 7,ACORDO,R$ 1.117.779,PARCELADO,REALIZADO
Auto Posto Mais 50,SP,SÃO PAULO,JUDICIAL,Escritório 2,DECISÃO JUDICIAL,R$ 4.706,A VISTA,REALIZADO
Auto Posto Mais 51,SP,SÃO PAULO,JUDICIAL,Escritório 2,DECISÃO JUDICIAL,R$ 674,A VISTA,REALIZADO
Auto Posto Mais 52,SP,SÃO PAULO,JUDICIAL,Escritório 7,DECISÃO JUDICIAL,R$ 310,A VISTA,REALIZADO
Auto Posto Mais 53,SP,SÃO PAULO,JUDICIAL,Escritório 2,ACORDO,R$ 22.000.000,PARCELADO,REALIZADO
Auto Posto Mais 54,AL,NORDESTE,JUDICIAL,Escritório 3,DECISÃO JUDICIAL,R$ 10.543,A VISTA,REALIZADO
Auto Posto Mais 55,SP,SÃO PAULO,JUDICIAL,Escritório 2,DECISÃO JUDICIAL,R$ 11.000,A VISTA,REALIZADO
Auto Posto Mais 56,TO,NORTE,JUDICIAL,Escritório 7,ACORDO,R$ 280.000,PARCELADO,NÃO REALIZADO
Auto Posto Mais 57,BA,NORDESTE,JUDICIAL,Escritório 3,ACORDO,R$ 266.915,PARCELADO,REALIZADO
Auto Posto Mais 58,SP,SÃO PAULO,JUDICIAL,Escritório 2,DECISÃO JUDICIAL,R$ 6.936,A VISTA,REALIZADO
Auto Posto Mais 59,MG,SUDESTE,JUDICIAL,Escritório 5,ACORDO,R$ 92.193,PARCELADO,REALIZADO
Auto Posto Mais 60,SP,SÃO PAULO,JUDICIAL,Escritório 2,ACORDO,R$ 174.000,PARCELADO,NÃO REALIZADO
Auto Posto Mais 61,MG,SUDESTE,JUDICIAL,Escritório 2,ACORDO,R$ 305.034,PARCELADO,REALIZADO
Auto Posto Mais 62,SP,SÃO PAULO,JUDICIAL,Escritório 2,DECISÃO JUDICIAL,R$ 850,A VISTA,REALIZADO
Auto Posto Mais 63,PR,SUL,JUDICIAL,Escritório 6,DECISÃO JUDICIAL,R$ 483.367,A VISTA,REALIZADO
Auto Posto Mais 64,RJ,SUDESTE,JUDICIAL,Escritório 2,ACORDO,R$ 2.916.000,PARCELADO,REALIZADO
Auto Posto Mais 65,TO,NORTE,JUDICIAL,Escritório 3,ACORDO,R$ 783.510,PARCELADO,REALIZADO
Auto Posto Mais 66,RN,NORDESTE,JUDICIAL,Escritório 3,ACORDO,R$ 255.789,A VISTA,REALIZADO
Auto Posto Mais 67,RN,NORDESTE,JUDICIAL,Escritório 3,DECISÃO JUDICIAL,R$ 10.717,A VISTA,REALIZADO
Auto Posto Mais 68,SP,SÃO PAULO,JUDICIAL,Escritório 2,DECISÃO JUDICIAL,R$ 1.103,A VISTA,REALIZADO
Auto Posto Mais 69,MG,SUDESTE,JUDICIAL,Escritório 2,ACORDO,R$ 385.000,PARCELADO,REALIZADO
Auto Posto Mais 70,SP,SÃO PAULO,JUDICIAL,Escritório 2,DECISÃO JUDICIAL,R$ 218.521,A VISTA,REALIZADO
Auto Posto Mais 71,RS,SUL,JUDICIAL,Escritório 6,DECISÃO JUDICIAL,R$ 25.000,A VISTA,REALIZADO
Auto Posto Mais 72,MT,CENTRO OESTE,JUDICIAL,Escritório 4,ACORDO,R$ 175.000,PARCELADO,NÃO REALIZADO
Auto Posto Mais 73,SP,SÃO PAULO,JUDICIAL,Escritório 2,DECISÃO JUDICIAL,R$ 2.407,A VISTA,REALIZADO
Auto Posto Mais 74,SP,SÃO PAULO,JUDICIAL,Escritório 2,DECISÃO JUDICIAL,R$ 6.226,A VISTA,REALIZADO
Auto Posto Mais 75,PA,NORTE,JUDICIAL,Escritório 7,ACORDO,R$ 850.000,PARCELADO,NÃO REALIZADO
Auto Posto Mais 76,MG,SUDESTE,JUDICIAL,Escritório 2,ACORDO,R$ 931.622,PARCELADO,NÃO REALIZADO
Auto Posto Mais 77,SP,SÃO PAULO,JUDICIAL,Escritório 2,DECISÃO JUDICIAL,R$ 62.386,A VISTA,REALIZADO
Auto Posto Mais 78,SP,SÃO PAULO,JUDICIAL,Escritório 2,DECISÃO JUDICIAL,R$ 10.076,A VISTA,REALIZADO
Auto Posto Mais 79,SP,SÃO PAULO,JUDICIAL,Escritório 2,DECISÃO JUDICIAL,R$ 36.000,A VISTA,REALIZADO
Auto Posto Mais 80,SP,SÃO PAULO,JUDICIAL,Escritório 2,DECISÃO JUDICIAL,R$ 13.450,A VISTA,REALIZADO
Auto Posto Mais 81,SP,SÃO PAULO,JUDICIAL,Escritório 2,DECISÃO JUDICIAL,R$ 2.850,A VISTA,REALIZADO
Auto Posto Mais 82,SP,SÃO PAULO,JUDICIAL,Escritório 2,DECISÃO JUDICIAL,R$ 1.461.642,PARCELADO,REALIZADO
Auto Posto Mais 83,PR,SUL,JUDICIAL,Escritório 6,ACORDO,R$ 150.000,A VISTA,REALIZADO
Auto Posto Mais 84,GO ,CENTRO OESTE,JUDICIAL,Escritório 6,DECISÃO JUDICIAL,R$ 5.436,A VISTA,REALIZADO
Auto Posto Mais 85,PA,NORTE,JUDICIAL,Escritório 3,ACORDO,R$ 115.854,PARCELADO,NÃO REALIZADO
Auto Posto Mais 86,PA,NORTE,EXTRAJUDICIAL,Jurídico Interno,ACORDO,R$ 180.000,PARCELADO,REALIZADO
Auto Posto Mais 87,MA,NORDESTE,JUDICIAL,Escritório 3,ACORDO,R$ 160.000,PARCELADO,REALIZADO
Auto Posto Mais 88,SP,SÃO PAULO,JUDICIAL,Escritório 2,DECISÃO JUDICIAL,R$ 3.766,A VISTA,REALIZADO
Auto Posto Mais 89,SP,SÃO PAULO,JUDICIAL,Escritório 5,DECISÃO JUDICIAL,R$ 30.000,A VISTA,REALIZADO
Auto Posto Mais 90,CE,NORDESTE,EXTRAJUDICIAL,Jurídico Interno,ACORDO,R$ 360.000,PARCELADO,NÃO REALIZADO
Auto Posto Mais 91,SP,SÃO PAULO,JUDICIAL,Escritório 2,ACORDO,R$ 150.000,PARCELADO,NÃO REALIZADO
Auto Posto Mais 92,CE,NORDESTE,EXTRAJUDICIAL,Jurídico Interno,ACORDO,R$ 78.000,A VISTA,NÃO REALIZADO
Auto Posto Mais 93,PI,NORDESTE,EXTRAJUDICIAL,Jurídico Interno,ACORDO,R$ 390.000,PARCELADO,REALIZADO
Auto Posto Mais 94,CE,NORDESTE,EXTRAJUDICIAL,Jurídico Interno,ACORDO,R$ 123.000,PARCELADO,REALIZADO
Auto Posto Mais 95,ES,SUDESTE,JUDICIAL,Escritório 2,ACORDO,R$ 145.283,A VISTA,NÃO REALIZADO
Auto Posto Mais 96,PR,SUL,JUDICIAL,Escritório 6,ACORDO,R$ 870.000,PARCELADO,REALIZADO
Auto Posto Mais 97,RJ,SUDESTE,JUDICIAL,Escritório 2,DECISÃO JUDICIAL,R$ 750.883,PARCELADO,REALIZADO
Auto Posto Mais 98,CE,NORDESTE,EXTRAJUDICIAL,Jurídico Interno,ACORDO,R$ 1.151.103,PARCELADO,REALIZADO
Auto Posto Mais 99,PR,SUL,JUDICIAL,Escritório 6,ACORDO,R$ 195.000,PARCELADO,REALIZADO
Auto Posto Mais 100,SP,SÃO PAULO,JUDICIAL,Escritório 2,DECISÃO JUDICIAL,R$ 11.472,A VISTA,REALIZADO
Auto Posto Mais 101,PR,SUL,JUDICIAL,Escritório 6,ACORDO,R$ 95.000,PARCELADO,REALIZADO
Auto Posto Mais 102,RJ,SUDESTE,JUDICIAL,Escritório 2,ACORDO,R$ 56.061,A VISTA,REALIZADO
