CLIENTE;ESTADO;REGIAO;RITO;ESCRITORIO;TIPO;VALOR;FORMA_PAGTO;RESULTADO
Auto Posto Alfa;PR;SUL;EXTRAJUDICIAL;Jurídico Interno;ACORDO;R$ 9.097.067,33; A VISTA ;REALIZADO
Posto Beta Comércio de Combustíveis;SP;SÃO PAULO;JUDICIAL;Escritório 2;ACORDO;R$ 120.000,00; PARCELADO ;REALIZADO
Rede Gama;SP;SÃO PAULO;JUDICIAL;Escritório 2;ACORDO;R$ 8.300.000,00; PARCELADO ;REALIZADO
Delta Lubrificantes e Combustíveis;MT;CENTRO OESTE;JUDICIAL;Escritório 7;ACORDO;R$ 130.000,00; PARCELADO ;REALIZADO
Épsilon Posto & Lava-Jato;GO;CENTRO OESTE;JUDICIAL;Escritório 4;ACORDO;R$ 120.000,00; PARCELADO ;REALIZADO
Irmão Zeta Abastecedora;BA;NORDESTE;EXTRAJUDICIAL;Jurídico Interno;ACORDO;R$ 7.178.140,88; PARCELADO ;REALIZADO
Posto ETA;CE;NORDESTE;JUDICIAL;Escritório 3;ACORDO;R$ 5.226.513,93; PARCELADO ;REALIZADO
Teta & Cia Combustíveis;MA;NORDESTE;JUDICIAL;Escritório 3;DECISÃO JUDICIAL;R$ 23.000,00; A VISTA ;REALIZADO
Rede IOTA & Cia;GO ;CENTRO OESTE;JUDICIAL;Escritório 6;DECISÃO JUDICIAL;R$ 24.000,00; A VISTA ;REALIZADO
Auto Posto Capa;SP;SÃO PAULO;JUDICIAL;Escritório 2;ACORDO;R$ 4.000.000,00; PARCELADO ;REALIZADO
Lubrificantes NI;MG;SUDESTE;JUDICIAL;Escritório 2;ACORDO;R$ 4.609.126,63; PARCELADO ;REALIZADO
Csi Unidos;RJ;SUDESTE;JUDICIAL;Escritório 2;ACORDO;R$ 4.150.000,00; A VISTA ;REALIZADO
Rede Ómicron;SP;SÃO PAULO;JUDICIAL;Escritório 2;ACORDO;R$ 3.053.471,65; PARCELADO ;REALIZADO
Auto Posto Pi;SP;SÃO PAULO;JUDICIAL;Escritório 7;ACORDO;R$ 3.017.888,46; PARCELADO ;REALIZADO
Rô Comercio de Combustíveis;SP;SÃO PAULO;JUDICIAL;Escritório 2;ACORDO;R$ 15.000,00; A VISTA ;REALIZADO
Auto Posto Sigma;BA;NORDESTE;JUDICIAL;Escritório 7;ACORDO;R$ 3.804.973,36; PARCELADO ;REALIZADO
Tau & Cia;SP;SÃO PAULO;JUDICIAL;Escritório 7;ACORDO;R$ 3.492.739,25; PARCELADO ;REALIZADO
Úpsilon Comercializadora;MT;CENTRO OESTE;JUDICIAL;Escritório 4;ACORDO;R$ 2.721.837,15; PARCELADO ;REALIZADO
Auto Posto Fi;PR;SUL;JUDICIAL;Escritório 6;ACORDO;R$ 3.004.395,39; A VISTA ;REALIZADO
Qui Combustíveis;GO;CENTRO OESTE;JUDICIAL;Escritório 6;ACORDO;R$ 2.717.841,00; PARCELADO ;REALIZADO
Lubrificantes Psi;SP;SÃO PAULO;JUDICIAL;Escritório 2;ACORDO;R$ 180.000,00; PARCELADO ;REALIZADO
Ômega Rede Comercial;MS;CENTRO OESTE;JUDICIAL;Escritório 4;ACORDO;R$ 2.700.000,00; PARCELADO ;REALIZADO
Rede de Postos Primeira;PA;NORTE;JUDICIAL;Escritório 3;ACORDO;R$ 1.785.465,60; PARCELADO ;REALIZADO
Rede de Postos Segunda;SC;SUL;JUDICIAL;Escritório 6;ACORDO;R$ 1.616.675,37; PARCELADO ;REALIZADO
Rede de Postos Terceira;PA;NORTE;JUDICIAL;Escritório 3;ACORDO;R$ 1.641.440,64; PARCELADO ;NÃO REALIZADO
Rede de Postos Quarta;SP;SÃO PAULO;JUDICIAL;Escritório 2;ACORDO;R$ 1.602.577,77; PARCELADO ;REALIZADO
Rede de Postos Quinta;SP;SÃO PAULO;JUDICIAL;Escritório 5;ACORDO;R$ 1.556.711,15; PARCELADO ;REALIZADO
Auto Posto Nº 1;RJ;SUDESTE;JUDICIAL;Escritório 2;ACORDO;R$ 112.000,00; PARCELADO ;REALIZADO
Auto Posto Nº 2;BA;NORDESTE;JUDICIAL;Escritório 3;ACORDO;R$ 1.510.192,87; A VISTA ;REALIZADO
Auto Posto Nº 3;GO ;CENTRO OESTE;JUDICIAL;Escritório 6;ACORDO;R$ 113.000,00; PARCELADO ;REALIZADO
Auto Posto Nº 4;MG;SUDESTE;JUDICIAL;Escritório 2;ACORDO;R$ 213.000,00; A VISTA ;REALIZADO
Auto Posto Nº 5;SP;SÃO PAULO;JUDICIAL;Escritório 2;ACORDO;R$ 1.500.000,00; A VISTA ;REALIZADO
Auto Posto Nº 6;RJ;SUDESTE;EXTRAJUDICIAL;Jurídico Interno;ACORDO;R$ 210.000,00; PARCELADO ;NÃO REALIZADO
Auto Posto Nº 7;PR;SUL;JUDICIAL;Escritório 6;ACORDO;R$ 100.000,00; PARCELADO ;REALIZADO
Auto Posto Nº 8;SP;SÃO PAULO;JUDICIAL;Escritório 2;DECISÃO JUDICIAL;R$ 101.000,00; PARCELADO ;REALIZADO
Auto Posto Nº 9;SP;SÃO PAULO;JUDICIAL;Escritório 2;ACORDO;R$ 1.415.585,07; PARCELADO ;REALIZADO
Auto Posto Nº 10;GO;CENTRO OESTE;JUDICIAL;Escritório 6;ACORDO;R$ 1.350.000,00; PARCELADO ;REALIZADO
Auto Posto Nº 11;RJ;SUDESTE;JUDICIAL;Escritório 7;ACORDO;R$ 1.338.812,33; A VISTA ;REALIZADO
Auto Posto Nº 12;RJ;SUDESTE;JUDICIAL;Escritório 7;ACORDO;R$ 1.338.812,33; A VISTA ;REALIZADO
Auto Posto Nº 13;MG;SUDESTE;JUDICIAL;Escritório 7;ACORDO;R$ 102.000,00; PARCELADO ;REALIZADO
Auto Posto Nº 14;SP;SÃO PAULO;JUDICIAL;Escritório 2;ACORDO;R$ 1.279.225,73; PARCELADO ;REALIZADO
Auto Posto Nº 15;MG;SUDESTE;JUDICIAL;Escritório 2;ACORDO;R$ 1.265.023,46; A VISTA ;REALIZADO
Auto Posto Nº 16;MT;CENTRO OESTE;JUDICIAL;Escritório 4;ACORDO;R$ 1.236.139,12; PARCELADO ;REALIZADO
Auto Posto Nº 17;BA;NORDESTE;JUDICIAL;Escritório 3;ACORDO;R$ 1.208.493,94; PARCELADO ;NÃO REALIZADO
Auto Posto Nº 18;MT;CENTRO OESTE;JUDICIAL;Escritório 4;ACORDO;R$ 103.000,00; PARCELADO ;REALIZADO
Auto Posto Nº 19;MS;CENTRO OESTE;JUDICIAL;Escritório 4;ACORDO;R$ 1.500.000,00; A VISTA ;REALIZADO
Auto Posto Nº 20;MS;CENTRO OESTE;JUDICIAL;Escritório 6;ACORDO;R$ 1.090.834,48; PARCELADO ;REALIZADO
Auto Posto Nº 21;MA;NORDESTE;JUDICIAL;Escritório 3;ACORDO;R$ 1.026.000,00; PARCELADO ;NÃO REALIZADO
Auto Posto Nº 22;SP;SÃO PAULO;EXTRAJUDICIAL;Jurídico Interno;ACORDO;R$ 1.524.258,65; PARCELADO ;REALIZADO
Auto Posto Nº 23;RN;NORDESTE;JUDICIAL;Escritório 7;DECISÃO JUDICIAL;R$ 104.000,00; PARCELADO ;REALIZADO
Auto Posto Nº 24;MG;SUDESTE;JUDICIAL;Escritório 2;ACORDO;R$ 912.782,49; PARCELADO ;REALIZADO
Auto Posto Nº 25;PR;SUL;JUDICIAL;Escritório 6;ACORDO;R$ 900.000,00; A VISTA ;REALIZADO
Auto Posto Nº 26;RS;SUL;JUDICIAL;Escritório 6;ACORDO;R$ 105.000,00; A VISTA ;REALIZADO
Auto Posto Nº 27;SP;SÃO PAULO;JUDICIAL;Escritório 2;ACORDO;R$ 106.000,00; PARCELADO ;NÃO REALIZADO
Auto Posto Nº 28;SP;SÃO PAULO;JUDICIAL;Escritório 2;ACORDO;R$ 1.327.292,29; PARCELADO ;NÃO REALIZADO
Auto Posto Nº 29;SP;SÃO PAULO;JUDICIAL;Escritório 2;DECISÃO JUDICIAL;R$ 880.937,01; A VISTA ;REALIZADO
Auto Posto Nº 30;PR;SUL;JUDICIAL;Escritório 6;ACORDO;R$ 850.000,00; PARCELADO ;REALIZADO
Auto Posto Nº 31;SP;SÃO PAULO;JUDICIAL;Escritório 2;DECISÃO JUDICIAL;R$ 1.200.000,00; PARCELADO ;REALIZADO
Auto Posto Nº 32;MG;SUDESTE;JUDICIAL;Escritório 2;ACORDO;R$ 858.205,70; PARCELADO ;REALIZADO
Auto Posto Nº 33;SP;SÃO PAULO;JUDICIAL;Escritório 2;ACORDO;R$ 727.220,89; PARCELADO ;NÃO REALIZADO
Auto Posto Nº 34;DF;CENTRO OESTE;JUDICIAL;Escritório 6;ACORDO;R$ 832.309,36; A VISTA ;REALIZADO
Auto Posto Nº 35;RJ;SUDESTE;JUDICIAL;Escritório 2;ACORDO;R$ 802.178,97; PARCELADO ;REALIZADO
Auto Posto Nº 36;PE;NORDESTE;JUDICIAL;Escritório 3;ACORDO;R$ 799.576,34; PARCELADO ;NÃO REALIZADO
Auto Posto Nº 37;PR;SUL;JUDICIAL;Escritório 6;ACORDO;R$ 107.000,00; PARCELADO ;REALIZADO
Auto Posto Nº 38;MA;NORDESTE;JUDICIAL;Escritório 3;ACORDO;R$ 1.056.981,16; PARCELADO ;NÃO REALIZADO
Auto Posto Nº 39;MG;SUDESTE;JUDICIAL;Escritório 2;ACORDO;R$ 749.383,20; PARCELADO ;REALIZADO
Auto Posto Nº 40;SP;SÃO PAULO;JUDICIAL;Escritório 2;ACORDO;R$ 747.000,00; PARCELADO ;NÃO REALIZADO
Auto Posto Nº 41;DF;CENTRO OESTE;JUDICIAL;Escritório 6;ACORDO;R$ 796.835,72; PARCELADO ;REALIZADO
Auto Posto Nº 42;MT;CENTRO OESTE;JUDICIAL;Escritório 4;DECISÃO JUDICIAL;R$ 108.000,00; PARCELADO ;REALIZADO
Auto Posto Nº 43;SP;SÃO PAULO;JUDICIAL;Escritório 2;ACORDO;R$ 722.898,05; PARCELADO ;NÃO REALIZADO
Auto Posto Nº 44;PB;NORDESTE;JUDICIAL;Escritório 3;ACORDO;R$ 700.000,00; A VISTA ;REALIZADO
Auto Posto Nº 45;PA;NORTE;JUDICIAL;Escritório 3;DECISÃO JUDICIAL;R$ 109.000,00; PARCELADO ;REALIZADO
Auto Posto Nº 46;SP;SÃO PAULO;JUDICIAL;Escritório 2;ACORDO;R$ 900.000,00; PARCELADO ;NÃO REALIZADO
Auto Posto Nº 47;SP;SÃO PAULO;JUDICIAL;Escritório 2;DECISÃO JUDICIAL;R$ 629.633,29; A VISTA ;REALIZADO
Auto Posto Nº 48;SP;SÃO PAULO;JUDICIAL;Escritório 2;ACORDO;R$ 885.013,70; PARCELADO ;REALIZADO
Auto Posto Nº 49;GO;CENTRO OESTE;JUDICIAL;Escritório 6;ACORDO;R$ 592.117,07; PARCELADO ;REALIZADO
Auto Posto Nº 50;SC;SUL;EXTRAJUDICIAL;Jurídico Interno;ACORDO;R$ 861.645,01; PARCELADO ;REALIZADO
Auto Posto Nº 51;SP;SÃO PAULO;JUDICIAL;Escritório 2;ACORDO;R$ 549.824,80; PARCELADO ;REALIZADO
Auto Posto Nº 52;SP;SÃO PAULO;JUDICIAL;Escritório 2;ACORDO;R$ 508.080,65; A VISTA ;REALIZADO
Auto Posto Nº 53;SP;SÃO PAULO;JUDICIAL;Escritório 2;DECISÃO JUDICIAL;R$ 550.159,09; A VISTA ;REALIZADO
Auto Posto Nº 54;SP;SÃO PAULO;EXTRAJUDICIAL;Jurídico Interno;ACORDO;R$ 502.941,20; PARCELADO ;REALIZADO
Auto Posto Nº 55;MG;SUDESTE;JUDICIAL;Escritório 2;ACORDO;R$ 1.400.000,00; PARCELADO ;REALIZADO
Auto Posto Nº 56;RS;SUL;JUDICIAL;Escritório 6;ACORDO;R$ 500.000,00; A VISTA ;NÃO REALIZADO
Auto Posto Nº 57;SP;SÃO PAULO;JUDICIAL;Escritório 2;ACORDO;R$ 495.824,96; PARCELADO ;NÃO REALIZADO
Auto Posto Nº 58;DF;CENTRO OESTE;JUDICIAL;Escritório 6;ACORDO;R$ 485.000,00; A VISTA ;REALIZADO
Auto Posto Nº 59;SP;SÃO PAULO;JUDICIAL;Escritório 2;DECISÃO JUDICIAL;R$ 110.000,00; PARCELADO ;REALIZADO
Auto Posto Nº 60;MG;SUDESTE;JUDICIAL;Escritório 2;ACORDO;R$ 457.000,00; PARCELADO ;NÃO REALIZADO
Auto Posto Nº 61;RS;SUL;EXTRAJUDICIAL;Jurídico Interno;ACORDO;R$ 477.847,51; PARCELADO ;NÃO REALIZADO
Auto Posto Nº 62;SP;SÃO PAULO;JUDICIAL;Escritório 2;ACORDO;R$ 448.322,28; PARCELADO ;NÃO REALIZADO
Auto Posto Nº 63;SP;SÃO PAULO;JUDICIAL;Escritório 2;ACORDO;R$ 200.000,00; PARCELADO ;NÃO REALIZADO
Auto Posto Nº 64;SP;SÃO PAULO;JUDICIAL;Escritório 2;DECISÃO JUDICIAL;R$ 445.475,15; A VISTA ;REALIZADO
Auto Posto Nº 65;BA;NORDESTE;JUDICIAL;Escritório 3;ACORDO;R$ 201.000,00; PARCELADO ;REALIZADO
Auto Posto Nº 66;MG;SUDESTE;JUDICIAL;Escritório 2;ACORDO;R$ 424.080,00; PARCELADO ;NÃO REALIZADO
Auto Posto Nº 67;AL;NORDESTE;JUDICIAL;Escritório 3;ACORDO;R$ 437.329,28; PARCELADO ;REALIZADO
Auto Posto Nº 68;PI;NORDESTE;JUDICIAL;Escritório 3;ACORDO;R$ 416.871,74; PARCELADO ;REALIZADO
Auto Posto Nº 69;SP;SÃO PAULO;JUDICIAL;Escritório 2;DECISÃO JUDICIAL;R$ 413.838,84; A VISTA ;REALIZADO
Auto Posto Nº 70;SP;SÃO PAULO;JUDICIAL;Escritório 2;DECISÃO JUDICIAL;R$ 401.165,51; A VISTA ;REALIZADO
Auto Posto Nº 71;SP;SÃO PAULO;JUDICIAL;Escritório 2;ACORDO;R$ 731.977,92; PARCELADO ;NÃO REALIZADO
Auto Posto Nº 72;PE;NORDESTE;JUDICIAL;Escritório 3;ACORDO;R$ 407.095,36; PARCELADO ;REALIZADO
Auto Posto Nº 73;SP;SÃO PAULO;JUDICIAL;Escritório 2;ACORDO;R$ 202.000,00; PARCELADO ;NÃO REALIZADO
Auto Posto Nº 74;SP;SÃO PAULO;JUDICIAL;Escritório 2;DECISÃO JUDICIAL;R$ 393.188,49; A VISTA ;REALIZADO
Auto Posto Nº 75;RS;SUL;JUDICIAL;Escritório 5;ACORDO;R$ 389.940,88; PARCELADO ;NÃO REALIZADO
Auto Posto Nº 76;BA;NORDESTE;JUDICIAL;Escritório 3;ACORDO;R$ 1.000.000,00; A VISTA ;REALIZADO
Auto Posto Nº 77;SP;SÃO PAULO;EXTRAJUDICIAL;Jurídico Interno;ACORDO;R$ 375.171,97; A VISTA ;NÃO REALIZADO
Auto Posto Nº 78;SP;SÃO PAULO;JUDICIAL;Escritório 2;ACORDO;R$ 371.048,71; A VISTA ;REALIZADO
Auto Posto Nº 79;RS;SUL;JUDICIAL;Escritório 6;ACORDO;R$ 600.000,00; A VISTA ;NÃO REALIZADO
Auto Posto Nº 80;TO;NORTE;JUDICIAL;Escritório 3;ACORDO;R$ 363.557,18; A VISTA ;REALIZADO
Auto Posto Nº 81;SP;SÃO PAULO;JUDICIAL;Escritório 2;ACORDO;R$ 372.855,93; A VISTA ;REALIZADO
Auto Posto Nº 82;PR;SUL;JUDICIAL;Escritório 6;ACORDO;R$ 350.000,00; A VISTA ;REALIZADO
Auto Posto Nº 83;MT;CENTRO OESTE;JUDICIAL;Escritório 4;ACORDO;R$ 528.494,57; PARCELADO ;REALIZADO
Auto Posto Nº 84;SP;SÃO PAULO;JUDICIAL;Escritório 2;ACORDO;R$ 244.336,15; A VISTA ;REALIZADO
Auto Posto Nº 85;AL;NORDESTE;JUDICIAL;Escritório 3;ACORDO;R$ 331.082,23; PARCELADO ;REALIZADO
Auto Posto Nº 86;SP;SÃO PAULO;JUDICIAL;Escritório 7;ACORDO;R$ 339.560,53; A VISTA ;REALIZADO
Auto Posto Nº 87;PE;NORDESTE;JUDICIAL;Escritório 3;ACORDO;R$ 307.639,30; PARCELADO ;REALIZADO
Auto Posto Nº 88;SP;SÃO PAULO;JUDICIAL;Escritório 2;ACORDO;R$ 893.331,38; PARCELADO ;REALIZADO
Auto Posto Nº 89;SE;NORDESTE;JUDICIAL;Escritório 3;ACORDO;R$ 203.000,00; PARCELADO ;NÃO REALIZADO
Auto Posto Nº 90;RJ;SUDESTE;JUDICIAL;Escritório 2;DECISÃO JUDICIAL;R$ 358.678,31; A VISTA ;REALIZADO
Auto Posto Nº 91;SP;SÃO PAULO;JUDICIAL;Escritório 2;DECISÃO JUDICIAL;R$ 303.731,14; A VISTA ;REALIZADO
Auto Posto Nº 92;RS;SUL;JUDICIAL;Escritório 5;ACORDO;R$ 300.000,00; PARCELADO ;REALIZADO
Auto Posto Nº 93;PE;NORDESTE;JUDICIAL;Escritório 3;DECISÃO JUDICIAL;R$ 308.666,34; A VISTA ;REALIZADO
Auto Posto Nº 94;BA;NORDESTE;JUDICIAL;Escritório 7;DECISÃO JUDICIAL;R$ 204.000,00; PARCELADO ;REALIZADO
Auto Posto Nº 95;GO ;CENTRO OESTE;JUDICIAL;Escritório 6;ACORDO;R$ 290.000,00; PARCELADO ;REALIZADO
Auto Posto Nº 96;SP;SÃO PAULO;JUDICIAL;Escritório 2;ACORDO;R$ 280.879,26; PARCELADO ;REALIZADO
Auto Posto Nº 97;SP;SÃO PAULO;JUDICIAL;Escritório 2;ACORDO;R$ 775.000,00; PARCELADO ;REALIZADO
Auto Posto Nº 98;MG;SUDESTE;JUDICIAL;Escritório 2;ACORDO;R$ 261.409,12; A VISTA ;NÃO REALIZADO
Auto Posto Nº 99;AM;NORTE;JUDICIAL;Escritório 3;ACORDO;R$ 258.155,52; PARCELADO ;REALIZADO
Auto Posto Nº 100;SP;SÃO PAULO;JUDICIAL;Escritório 2;ACORDO;R$ 257.000,00; A VISTA ;REALIZADO
Auto Posto Nº 101;SP;SÃO PAULO;JUDICIAL;Escritório 2;ACORDO;R$ 254.049,24; A VISTA ;REALIZADO
Auto Posto Nº 102;PA;NORTE;EXTRAJUDICIAL;Jurídico Interno;ACORDO;R$ 250.570,82; PARCELADO ;REALIZADO
Auto Posto Nº 103;PR;SUL;JUDICIAL;Escritório 5;ACORDO;R$ 205.000,00; A VISTA ;REALIZADO
Auto Posto Nº 104;MT;CENTRO OESTE;JUDICIAL;Escritório 4;DECISÃO JUDICIAL;R$ 246.550,99; A VISTA ;REALIZADO
Auto Posto Nº 105;MG;SUDESTE;EXTRAJUDICIAL;Jurídico Interno;ACORDO;R$ 240.748,92; PARCELADO ;NÃO REALIZADO
Auto Posto Nº 106;SP;SÃO PAULO;JUDICIAL;Escritório 2;ACORDO;R$ 227.557,01; A VISTA ;REALIZADO
Auto Posto Nº 107;SC;SUL;JUDICIAL;Escritório 5;ACORDO;R$ 222.763,88; PARCELADO ;REALIZADO
Auto Posto Nº 108;CE;NORDESTE;JUDICIAL;Escritório 7;ACORDO;R$ 206.000,00; PARCELADO ;NÃO REALIZADO
Auto Posto Nº 109;RS;SUL;JUDICIAL;Escritório 6;ACORDO;R$ 400.000,00; A VISTA ;REALIZADO
Auto Posto Nº 110;RO;NORTE;JUDICIAL;Escritório 3;ACORDO;R$ 215.195,04; PARCELADO ;REALIZADO
Auto Posto Nº 111;PB;NORDESTE;EXTRAJUDICIAL;Jurídico Interno;ACORDO;R$ 209.722,16; PARCELADO ;REALIZADO
Auto Posto Nº 112;MT;CENTRO OESTE;JUDICIAL;Escritório 4;ACORDO;R$ 400.000,00; PARCELADO ;REALIZADO
Auto Posto Nº 113;MA;NORDESTE;JUDICIAL;Escritório 3;ACORDO;R$ 207.393,33; PARCELADO ;REALIZADO
Auto Posto Nº 114;MA;NORDESTE;JUDICIAL;Escritório 3;ACORDO;R$ 207.393,33; PARCELADO ;REALIZADO
Auto Posto Nº 115;SP;SÃO PAULO;JUDICIAL;Escritório 2;ACORDO;R$ 205.696,50; PARCELADO ;REALIZADO
Auto Posto Nº 116;SP;SÃO PAULO;JUDICIAL;Escritório 2;ACORDO;R$ 203.080,42; PARCELADO ;REALIZADO
Auto Posto Nº 117;MA;NORDESTE;JUDICIAL;Escritório 3;ACORDO;R$ 207.393,33; PARCELADO ;REALIZADO
Auto Posto Nº 118;GO;CENTRO OESTE;JUDICIAL;Escritório 6;ACORDO;R$ 390.332,64; PARCELADO ;NÃO REALIZADO
Auto Posto Nº 119;MG;SUDESTE;JUDICIAL;Escritório 2;ACORDO;R$ 200.000,00; PARCELADO ;REALIZADO
Auto Posto Nº 120;SP;SÃO PAULO;JUDICIAL;Escritório 2;ACORDO;R$ 203.627,50; PARCELADO ;REALIZADO
Auto Posto Nº 121;BA;NORDESTE;JUDICIAL;Escritório 3;ACORDO;R$ 200.000,00; PARCELADO ;REALIZADO
Auto Posto Nº 122;DF;CENTRO OESTE;JUDICIAL;Escritório 6;ACORDO;R$ 200.000,00; A VISTA ;NÃO REALIZADO
Auto Posto Nº 123;AL;NORDESTE;JUDICIAL;Escritório 3;ACORDO;R$ 207.000,00; PARCELADO ;REALIZADO
Auto Posto Nº 124;MG;SUDESTE;JUDICIAL;Escritório 2;ACORDO;R$ 195.000,00; PARCELADO ;NÃO REALIZADO
Auto Posto Nº 125;SP;SÃO PAULO;JUDICIAL;Escritório 5;DECISÃO JUDICIAL;R$ 194.519,47; A VISTA ;REALIZADO
Auto Posto Nº 126;RJ;SUDESTE;JUDICIAL;Escritório 2;DECISÃO JUDICIAL;R$ 191.598,76; PARCELADO ;REALIZADO
Auto Posto Nº 127;PR;SUL;JUDICIAL;Escritório 5;ACORDO;R$ 180.395,69; A VISTA ;REALIZADO
Auto Posto Nº 128;AM;NORTE;JUDICIAL;Escritório 3;ACORDO;R$ 242.955,84; PARCELADO ;NÃO REALIZADO
Auto Posto Nº 129;SP;SÃO PAULO;JUDICIAL;Escritório 2;DECISÃO JUDICIAL;R$ 208.000,00; PARCELADO ;REALIZADO
Auto Posto Nº 130;MG;SUDESTE;JUDICIAL;Escritório 2;DECISÃO JUDICIAL;R$ 174.696,16; A VISTA ;REALIZADO
Auto Posto Nº 131;SP;SÃO PAULO;JUDICIAL;Escritório 2;ACORDO;R$ 170.000,00; PARCELADO ;REALIZADO
Auto Posto Nº 132;MG;SUDESTE;JUDICIAL;Escritório 7;ACORDO;R$ 162.271,27; A VISTA ;REALIZADO
Auto Posto Nº 133;SP;SÃO PAULO;EXTRAJUDICIAL;Jurídico Interno;ACORDO;R$ 154.873,46; PARCELADO ;NÃO REALIZADO
Auto Posto Nº 134;SP;SÃO PAULO;JUDICIAL;Escritório 2;DECISÃO JUDICIAL;R$ 154.597,92; A VISTA ;REALIZADO
Auto Posto Nº 135;MG;SUDESTE;JUDICIAL;Escritório 2;ACORDO;R$ 152.657,04; A VISTA ;REALIZADO
Auto Posto Nº 136;AL;NORDESTE;JUDICIAL;Escritório 3;ACORDO;R$ 151.299,89; A VISTA ;REALIZADO
Auto Posto Nº 137;PR;SUL;JUDICIAL;Escritório 6;DECISÃO JUDICIAL;R$ 140.205,12; A VISTA ;REALIZADO
Auto Posto Nº 138;SP;SÃO PAULO;JUDICIAL;Escritório 2;DECISÃO JUDICIAL;R$ 134.523,00; A VISTA ;REALIZADO
Auto Posto Nº 139;MT;CENTRO OESTE;JUDICIAL;Escritório 4;ACORDO;R$ 130.500,00; PARCELADO ;NÃO REALIZADO
Auto Posto Nº 140;SP;SÃO PAULO;JUDICIAL;Escritório 2;DECISÃO JUDICIAL;R$ 130.443,85; A VISTA ;REALIZADO
Rede Abastecedora Número 1;RJ;SUDESTE;JUDICIAL;Escritório 2;DECISÃO JUDICIAL;R$ 126.172,06; A VISTA ;REALIZADO
Rede Abastecedora Número 2;RJ;SUDESTE;JUDICIAL;Escritório 2;ACORDO;R$ 121.600,00; PARCELADO ;REALIZADO
Rede Abastecedora Número 3;RS;SUL;JUDICIAL;Escritório 6;ACORDO;R$ 209.000,00; PARCELADO ;REALIZADO
Rede Abastecedora Número 4;BA;NORDESTE;EXTRAJUDICIAL;Jurídico Interno;ACORDO;R$ 356.974,08; PARCELADO ;REALIZADO
Rede Abastecedora Número 5;MG;SUDESTE;JUDICIAL;Escritório 2;DECISÃO JUDICIAL;R$ 118.737,00; PARCELADO ;REALIZADO
Rede Abastecedora Número 6;CE;NORDESTE;JUDICIAL;Escritório 3;ACORDO;R$ 118.415,50; A VISTA ;NÃO REALIZADO
Rede Abastecedora Número 7;SP;SÃO PAULO;JUDICIAL;Escritório 2;ACORDO;R$ 103.041,44; PARCELADO ;NÃO REALIZADO
Rede Abastecedora Número 8;SP;SÃO PAULO;JUDICIAL;Escritório 2;DECISÃO JUDICIAL;R$ 102.868,19; A VISTA ;REALIZADO
Rede Abastecedora Número 9;SP;SÃO PAULO;JUDICIAL;Escritório 7;ACORDO;R$ 210.000,00; PARCELADO ;NÃO REALIZADO
Rede Abastecedora Número 10;MT;CENTRO OESTE;JUDICIAL;Escritório 4;ACORDO;R$ 340.125,36; A VISTA ;NÃO REALIZADO
Rede Abastecedora Número 11;RN;NORDESTE;JUDICIAL;Escritório 3;ACORDO;R$ 100.000,00; A VISTA ;NÃO REALIZADO
Rede Abastecedora Número 12;CE;NORDESTE;JUDICIAL;Escritório 3;ACORDO;R$ 98.760,00; PARCELADO ;NÃO REALIZADO
Rede Abastecedora Número 13;SP;SÃO PAULO;JUDICIAL;Escritório 2;DECISÃO JUDICIAL;R$ 95.788,16; A VISTA ;REALIZADO
Rede Abastecedora Número 14;RJ;SUDESTE;JUDICIAL;Escritório 2;ACORDO;R$ 336.869,81; PARCELADO ;REALIZADO
Rede Abastecedora Número 15;GO;CENTRO OESTE;JUDICIAL;Escritório 6;DECISÃO JUDICIAL;R$ 86.202,16; A VISTA ;REALIZADO
Rede Abastecedora Número 16;RJ;SUDESTE;JUDICIAL;Escritório 2;DECISÃO JUDICIAL;R$ 80.000,00; A VISTA ;REALIZADO
Rede Abastecedora Número 17;SP;SÃO PAULO;JUDICIAL;Escritório 2;ACORDO;R$ 405.441,46; PARCELADO ;REALIZADO
Rede Abastecedora Número 18;SP;SÃO PAULO;JUDICIAL;Escritório 2;ACORDO;R$ 300.000,00; PARCELADO ;REALIZADO
Rede Abastecedora Número 19;ES;SUDESTE;JUDICIAL;Escritório 2;ACORDO;R$ 77.685,25; A VISTA ;REALIZADO
Rede Abastecedora Número 20;CE;NORDESTE;JUDICIAL;Escritório 3;ACORDO;R$ 301.000,00; A VISTA ;NÃO REALIZADO
Rede Abastecedora Número 21;SP;SÃO PAULO;JUDICIAL;Escritório 2;DECISÃO JUDICIAL;R$ 62.697,20; A VISTA ;REALIZADO
Rede Abastecedora Número 22;BA;NORDESTE;JUDICIAL;Escritório 3;ACORDO;R$ 60.974,06; A VISTA ;NÃO REALIZADO
Rede Abastecedora Número 23;BA;NORDESTE;EXTRAJUDICIAL;Jurídico Interno;ACORDO;R$ 311.522,62; PARCELADO ;REALIZADO
Rede Abastecedora Número 24;MT;CENTRO OESTE;EXTRAJUDICIAL;Jurídico Interno;ACORDO;R$ 302.000,00; PARCELADO ;REALIZADO
Rede Abastecedora Número 25;MG;SUDESTE;JUDICIAL;Escritório 2;DECISÃO JUDICIAL;R$ 52.993,07; A VISTA ;REALIZADO
Rede Abastecedora Número 26;PR;SUL;JUDICIAL;Escritório 6;ACORDO;R$ 303.000,00; PARCELADO ;REALIZADO
Rede Abastecedora Número 27;SE;NORDESTE;JUDICIAL;Escritório 3;ACORDO;R$ 53.697,09; A VISTA ;NÃO REALIZADO
Rede Abastecedora Número 28;SP;SÃO PAULO;JUDICIAL;Escritório 7;ACORDO;R$ 304.000,00; A VISTA ;REALIZADO
Rede Abastecedora Número 29;PB;NORDESTE;JUDICIAL;Escritório 3;DECISÃO JUDICIAL;R$ 48.432,98; A VISTA ;REALIZADO
Rede Abastecedora Número 30;MT;CENTRO OESTE;JUDICIAL;Escritório 4;ACORDO;R$ 305.000,00; PARCELADO ;REALIZADO
Rede Abastecedora Número 31;MG;SUDESTE;JUDICIAL;Escritório 2;ACORDO;R$ 43.770,00; A VISTA ;REALIZADO
Rede Abastecedora Número 32;AL;NORDESTE;JUDICIAL;Escritório 3;ACORDO;R$ 41.442,99; A VISTA ;NÃO REALIZADO
Rede Abastecedora Número 33;SP;SÃO PAULO;JUDICIAL;Escritório 2;DECISÃO JUDICIAL;R$ 40.404,21; A VISTA ;REALIZADO
Rede Abastecedora Número 34;SP;SÃO PAULO;JUDICIAL;Escritório 2;DECISÃO JUDICIAL;R$ 37.312,70; A VISTA ;REALIZADO
Rede Abastecedora Número 35;MS;CENTRO OESTE;JUDICIAL;Escritório 4;DECISÃO JUDICIAL;R$ 35.654,29; A VISTA ;REALIZADO
Rede Abastecedora Número 36;GO;CENTRO OESTE;JUDICIAL;Escritório 6;DECISÃO JUDICIAL;R$ 29.390,47; A VISTA ;REALIZADO
Rede Abastecedora Número 37;SP;SÃO PAULO;JUDICIAL;Escritório 2;DECISÃO JUDICIAL;R$ 27.462,00; A VISTA ;REALIZADO
Rede Abastecedora Número 38;RJ;SUDESTE;JUDICIAL;Escritório 2;ACORDO;R$ 25.493,74; A VISTA ;REALIZADO
Rede Abastecedora Número 39;SP;SÃO PAULO;JUDICIAL;Escritório 2;DECISÃO JUDICIAL;R$ 25.142,94; A VISTA ;REALIZADO
Rede Abastecedora Número 40;GO;CENTRO OESTE;JUDICIAL;Escritório 6;DECISÃO JUDICIAL;R$ 22.666,04; A VISTA ;REALIZADO
Rede Abastecedora Número 41;SP;SÃO PAULO;JUDICIAL;Escritório 2;DECISÃO JUDICIAL;R$ 19.220,68; A VISTA ;REALIZADO
Rede Abastecedora Número 42;MT;CENTRO OESTE;JUDICIAL;Escritório 4;DECISÃO JUDICIAL;R$ 18.703,80; A VISTA ;REALIZADO
Rede Abastecedora Número 43;SP;SÃO PAULO;JUDICIAL;Escritório 5;DECISÃO JUDICIAL;R$ 16.605,18; A VISTA ;REALIZADO
Rede Abastecedora Número 44;GO;CENTRO OESTE;JUDICIAL;Escritório 6;ACORDO;R$ 306.000,00; PARCELADO ;NÃO REALIZADO
Rede Abastecedora Número 45;PR;SUL;JUDICIAL;Escritório 6;DECISÃO JUDICIAL;R$ 14.390,35; A VISTA ;REALIZADO
Rede Abastecedora Número 46;SP;SÃO PAULO;JUDICIAL;Escritório 2;DECISÃO JUDICIAL;R$ 13.797,86; A VISTA ;REALIZADO
Rede Abastecedora Número 47;SP;SÃO PAULO;JUDICIAL;Escritório 2;DECISÃO JUDICIAL;R$ 12.530,91; A VISTA ;REALIZADO
Rede Abastecedora Número 48;GO;CENTRO OESTE;JUDICIAL;Escritório 6;DECISÃO JUDICIAL;R$ 11.646,91; A VISTA ;REALIZADO
Rede Abastecedora Número 49;SP;SÃO PAULO;JUDICIAL;Escritório 2;DECISÃO JUDICIAL;R$ 10.744,47; A VISTA ;REALIZADO
Rede Abastecedora Número 50;SP;SÃO PAULO;JUDICIAL;Escritório 2;DECISÃO JUDICIAL;R$ 9.807,00; A VISTA ;REALIZADO
Rede Abastecedora Número 51;SP;SÃO PAULO;JUDICIAL;Escritório 2;DECISÃO JUDICIAL;R$ 9.885,26; A VISTA ;REALIZADO
Rede Abastecedora Número 52;SP;SÃO PAULO;JUDICIAL;Escritório 2;DECISÃO JUDICIAL;R$ 6.635,60; A VISTA ;REALIZADO
Rede Abastecedora Número 53;PI;NORDESTE;JUDICIAL;Escritório 3;ACORDO;R$ 307.000,00; PARCELADO ;NÃO REALIZADO
Rede Abastecedora Número 54;SP;SÃO PAULO;JUDICIAL;Escritório 2;DECISÃO JUDICIAL;R$ 5.678,32; A VISTA ;REALIZADO
Rede Abastecedora Número 55;AL;NORDESTE;JUDICIAL;Escritório 3;DECISÃO JUDICIAL;R$ 5.238,90; A VISTA ;REALIZADO
Rede Abastecedora Número 56;MG;SUDESTE;JUDICIAL;Escritório 2;DECISÃO JUDICIAL;R$ 4.982,22; A VISTA ;REALIZADO
Rede Abastecedora Número 57;SP;SÃO PAULO;JUDICIAL;Escritório 2;DECISÃO JUDICIAL;R$ 4.277,30; A VISTA ;REALIZADO
Rede Abastecedora Número 58;SP;SÃO PAULO;JUDICIAL;Escritório 2;DECISÃO JUDICIAL;R$ 2.901,81; A VISTA ;REALIZADO
Rede Abastecedora Número 59;SP;SÃO PAULO;JUDICIAL;Escritório 2;DECISÃO JUDICIAL;R$ 2.248,59; A VISTA ;REALIZADO
Rede Abastecedora Número 60;SP;SÃO PAULO;JUDICIAL;Escritório 7;DECISÃO JUDICIAL;R$ 2.195,84; A VISTA ;REALIZADO
Rede Abastecedora Número 61;RJ;SUDESTE;JUDICIAL;Escritório 2;DECISÃO JUDICIAL;R$ 2.113,40; A VISTA ;REALIZADO
Rede Abastecedora Número 62;MS;CENTRO OESTE;JUDICIAL;Escritório 4;DECISÃO JUDICIAL;R$ 1.867,20; A VISTA ;REALIZADO
Rede Abastecedora Número 63;SP;SÃO PAULO;JUDICIAL;Escritório 2;DECISÃO JUDICIAL;R$ 1.462,20; A VISTA ;REALIZADO
Rede Abastecedora Número 64;SP;SÃO PAULO;JUDICIAL;Escritório 2;DECISÃO JUDICIAL;R$ 748,45; A VISTA ;REALIZADO
Rede Abastecedora Número 65;SP;SÃO PAULO;JUDICIAL;Escritório 2;DECISÃO JUDICIAL;R$ 689,17; A VISTA ;REALIZADO
Rede Abastecedora Número 66;SP;SÃO PAULO;JUDICIAL;Escritório 2;DECISÃO JUDICIAL;R$ 562,02; A VISTA ;REALIZADO
Rede Abastecedora Número 67;RJ;SUDESTE;JUDICIAL;Escritório 7;DECISÃO JUDICIAL;R$ 501,70; A VISTA ;REALIZADO
Rede Abastecedora Número 68;SP;SÃO PAULO;JUDICIAL;Escritório 2;DECISÃO JUDICIAL;R$ 219,14; A VISTA ;REALIZADO
Rede Abastecedora Número 69;PR;SUL;JUDICIAL;Escritório 6;ACORDO;R$ 215.177,97; PARCELADO ;REALIZADO
Rede Abastecedora Número 70;DF;CENTRO OESTE;JUDICIAL;Escritório 6;DECISÃO JUDICIAL;R$ 211.141,82; A VISTA ;REALIZADO
Rede Abastecedora Número 71;RS;SUL;JUDICIAL;Escritório 6;ACORDO;R$ 200.000,00; A VISTA ;REALIZADO
Rede Abastecedora Número 72;SP;SÃO PAULO;JUDICIAL;Escritório 2;ACORDO;R$ 400.000,00; A VISTA ;REALIZADO
Rede Abastecedora Número 73;SP;SÃO PAULO;JUDICIAL;Escritório 2;ACORDO;R$ 308.000,00; PARCELADO ;NÃO REALIZADO
Rede Abastecedora Número 74;BA;NORDESTE;EXTRAJUDICIAL;Jurídico Interno;ACORDO;R$ 201.663,87; PARCELADO ;REALIZADO
Rede Abastecedora Número 75;PR;SUL;JUDICIAL;Escritório 6;ACORDO;R$ 309.000,00; A VISTA ;REALIZADO
Rede Abastecedora Número 76;RJ;SUDESTE;JUDICIAL;Escritório 2;ACORDO;R$ 150.000,00; A VISTA ;REALIZADO
Rede Abastecedora Número 77;SP;SÃO PAULO;JUDICIAL;Escritório 2;ACORDO;R$ 120.746,92; A VISTA ;NÃO REALIZADO
Rede Abastecedora Número 78;SP;SÃO PAULO;JUDICIAL;Escritório 5;ACORDO;R$ 350.000,00; PARCELADO ;NÃO REALIZADO
Rede Abastecedora Número 79;SP;SÃO PAULO;JUDICIAL;Escritório 2;ACORDO;R$ 109.724,04; PARCELADO ;REALIZADO
Rede Abastecedora Número 80;ES;SUDESTE;JUDICIAL;Escritório 2;ACORDO;R$ 106.738,72; PARCELADO ;REALIZADO
Rede Abastecedora Número 81;ES;SUDESTE;JUDICIAL;Escritório 2;ACORDO;R$ 104.468,99; PARCELADO ;REALIZADO
Rede Abastecedora Número 82;SP;SÃO PAULO;JUDICIAL;Escritório 2;ACORDO;R$ 310.000,00; A VISTA ;REALIZADO
Rede Abastecedora Número 83;MG;SUDESTE;JUDICIAL;Escritório 2;ACORDO;R$ 1.500.000,00; A VISTA ;NÃO REALIZADO
Rede Abastecedora Número 84;SP;SÃO PAULO;JUDICIAL;Escritório 7;DECISÃO JUDICIAL;R$ 35.000,00; A VISTA ;REALIZADO
Rede Abastecedora Número 85;MT;CENTRO OESTE;JUDICIAL;Escritório 7;ACORDO;R$ 313.994,26; PARCELADO ;REALIZADO
Rede Abastecedora Número 86;SP;SÃO PAULO;JUDICIAL;Escritório 5;DECISÃO JUDICIAL;R$ 27.000,00; A VISTA ;REALIZADO
Rede Abastecedora Número 87;GO;CENTRO OESTE;JUDICIAL;Escritório 6;ACORDO;R$ 1.530.000,00; PARCELADO ;NÃO REALIZADO
Rede Abastecedora Número 88;SP;SÃO PAULO;JUDICIAL;Escritório 2;DECISÃO JUDICIAL;R$ 70.000,00; A VISTA ;REALIZADO
Rede Abastecedora Número 89;PA;NORTE;JUDICIAL;Escritório 3;DECISÃO JUDICIAL;R$ 12.000,00; A VISTA ;REALIZADO
Rede Abastecedora Número 90;AM;NORTE;JUDICIAL;Escritório 7;ACORDO;R$ 1.550.000,00; A VISTA ;REALIZADO
Rede Abastecedora Número 91;RJ;SUDESTE;JUDICIAL;Escritório 2;ACORDO;R$ 1.560.000,00; PARCELADO ;REALIZADO
Rede Abastecedora Número 92;SP;SÃO PAULO;JUDICIAL;Escritório 2;DECISÃO JUDICIAL;R$ 62.000,00; A VISTA ;REALIZADO
Rede Abastecedora Número 93;SP;SÃO PAULO;JUDICIAL;Escritório 2;ACORDO;R$ 1.580.000,00; PARCELADO ;NÃO REALIZADO
Rede Abastecedora Número 94;SC;SUL;JUDICIAL;Escritório 6;ACORDO;R$ 1.590.000,00; PARCELADO ;REALIZADO
Rede Abastecedora Número 95;SP;SÃO PAULO;JUDICIAL;Escritório 2;ACORDO;R$ 1.600.000,00; PARCELADO ;NÃO REALIZADO
Rede Abastecedora Número 96;SP;SÃO PAULO;JUDICIAL;Escritório 7;ACORDO;R$ 2.800.000,00; PARCELADO ;NÃO REALIZADO
Rede Abastecedora Número 97;PR;SUL;JUDICIAL;Escritório 6;ACORDO;R$ 2.700.000,00; PARCELADO ;REALIZADO
Rede Abastecedora Número 98;PR;SUL;JUDICIAL;Escritório 6;ACORDO;R$ 2.300.000,00; PARCELADO ;REALIZADO
Rede Abastecedora Número 99;SP;SÃO PAULO;JUDICIAL;Escritório 7;ACORDO;R$ 2.224.160,98; PARCELADO ;NÃO REALIZADO
Rede Abastecedora Número 100;PR;SUL;JUDICIAL;Escritório 6;ACORDO;R$ 1.901.162,12; PARCELADO ;REALIZADO
Rede Abastecedora Número 101;PA;NORTE;JUDICIAL;Escritório 7;ACORDO;R$ 1.750.000,00; A VISTA ;REALIZADO
Rede Abastecedora Número 102;SP;SÃO PAULO;JUDICIAL;Escritório 7;ACORDO;R$ 1.700.000,00; PARCELADO ;NÃO REALIZADO
Rede Abastecedora Número 103;RS;SUL;JUDICIAL;Escritório 6;ACORDO;R$ 1.000.000,00; A VISTA ;REALIZADO
Rede Abastecedora Número 104;RJ;SUDESTE;JUDICIAL;Escritório 2;ACORDO;R$ 933.171,90; PARCELADO ;NÃO REALIZADO
Rede Abastecedora Número 105;SP;SÃO PAULO;JUDICIAL;Escritório 7;ACORDO;R$ 860.000,00; PARCELADO ;NÃO REALIZADO
Rede Abastecedora Número 106;SP;SÃO PAULO;JUDICIAL;Escritório 7;ACORDO;R$ 834.897,56; PARCELADO ;NÃO REALIZADO
Rede Abastecedora Número 107;RS;SUL;JUDICIAL;Escritório 6;ACORDO;R$ 540.000,00; A VISTA ;REALIZADO
Rede Abastecedora Número 108;SP;SÃO PAULO;JUDICIAL;Escritório 7;ACORDO;R$ 150.000,00; PARCELADO ;NÃO REALIZADO
Rede Abastecedora Número 109;SP;SÃO PAULO;JUDICIAL;Escritório 7;ACORDO;R$ 450.000,00; PARCELADO ;NÃO REALIZADO
Rede Abastecedora Número 110;SP;SÃO PAULO;JUDICIAL;Escritório 7;ACORDO;R$ 400.000,00; A VISTA ;NÃO REALIZADO
Rede Abastecedora Número 111;SC;SUL;JUDICIAL;Escritório 6;ACORDO;R$ 325.884,02; PARCELADO ;REALIZADO
Rede Abastecedora Número 112;RJ;SUDESTE;JUDICIAL;Escritório 7;ACORDO;R$ 21.400.000,00; A VISTA ;REALIZADO
Rede Abastecedora Número 113;MA;NORTE;JUDICIAL;Escritório 3;ACORDO;R$ 308.000,00; PARCELADO ;NÃO REALIZADO
Rede Abastecedora Número 114;PR;SUL;JUDICIAL;Escritório 6;DECISÃO JUDICIAL;R$ 57.364,84; A VISTA ;REALIZADO
Rede Abastecedora Número 115;PR;SUL;JUDICIAL;Escritório 5;ACORDO;R$ 320.000,00; A VISTA ;REALIZADO
Rede Abastecedora Número 116;SP;SÃO PAULO;JUDICIAL;Escritório 2;ACORDO;R$ 300.000,00; PARCELADO ;NÃO REALIZADO
Rede Abastecedora Número 117;RJ;SUDESTE;JUDICIAL;Escritório 2;DECISÃO JUDICIAL;R$ 16.727,80; A VISTA ;REALIZADO
Rede Abastecedora Número 118;SP;SÃO PAULO;JUDICIAL;Escritório 7;ACORDO;R$ 190.071,43; PARCELADO ;NÃO REALIZADO
Rede Abastecedora Número 119;SP;SÃO PAULO;JUDICIAL;Escritório 7;ACORDO;R$ 78.659,30; PARCELADO ;REALIZADO
Rede Abastecedora Número 120;SP;SÃO PAULO;JUDICIAL;Escritório 2;DECISÃO JUDICIAL;R$ 4.442,24; A VISTA ;REALIZADO
Rede Abastecedora Número 121;SP;SÃO PAULO;JUDICIAL;Escritório 7;ACORDO;R$ 50.000,00; A VISTA ;REALIZADO
Rede Abastecedora Número 122;SP;SÃO PAULO;JUDICIAL;Escritório 7;ACORDO;R$ 48.554,80; A VISTA ;REALIZADO
Rede Abastecedora Número 123;SP;SÃO PAULO;JUDICIAL;Escritório 2;DECISÃO JUDICIAL;R$ 136,97; A VISTA ;REALIZADO
Rede Abastecedora Número 124;SP;SÃO PAULO;JUDICIAL;Escritório 7;ACORDO;R$ 4.123.416,79; PARCELADO ;REALIZADO
Rede Abastecedora Número 125;SP;SÃO PAULO;JUDICIAL;Escritório 2;DECISÃO JUDICIAL;R$ 756,55; A VISTA ;REALIZADO
Rede Abastecedora Número 126;SP;SÃO PAULO;JUDICIAL;Escritório 2;DECISÃO JUDICIAL;R$ 617.402,34; A VISTA ;REALIZADO
Rede Abastecedora Número 127;SP;SÃO PAULO;JUDICIAL;Escritório 7;ACORDO;R$ 1.172.863,46; PARCELADO ;REALIZADO
Rede Abastecedora Número 128;SP;SÃO PAULO;JUDICIAL;Escritório 7;ACORDO;R$ 150.000,00; A VISTA ;REALIZADO
Rede Abastecedora Número 129;SP;SÃO PAULO;JUDICIAL;Escritório 7;ACORDO;R$ 1.754.552,82; PARCELADO ;REALIZADO
Rede Abastecedora Número 130;SP;SÃO PAULO;JUDICIAL;Escritório 2;DECISÃO JUDICIAL;R$ 3.345,86; A VISTA ;REALIZADO
Rede Abastecedora Número 131;SP;SÃO PAULO;JUDICIAL;Escritório 2;DECISÃO JUDICIAL;R$ 463,38; A VISTA ;REALIZADO
Rede Abastecedora Número 132;SP;SÃO PAULO;JUDICIAL;Escritório 7;DECISÃO JUDICIAL;R$ 75.728,02; A VISTA ;REALIZADO
Rede Abastecedora Número 133;SP ;São Paulo;JUDICIAL;Escritório 2;DECISÃO JUDICIAL;R$ 534,79; A VISTA ;REALIZADO
Rede Abastecedora Número 134;SP;SÃO PAULO;JUDICIAL;Escritório 2;ACORDO;R$ 150.000,00; PARCELADO ;REALIZADO
Rede Abastecedora Número 135;RO;NORTE;JUDICIAL;Escritório 7;ACORDO;R$ 215.000,00; PARCELADO ;NÃO REALIZADO
Rede Abastecedora Número 136;RS;SUL;JUDICIAL;Escritório 7;ACORDO;R$ 150.000,00; PARCELADO ;REALIZADO
Rede Abastecedora Número 137;SP;SÃO PAULO;JUDICIAL;Escritório 7;ACORDO;R$ 390.000,00; PARCELADO ;REALIZADO
Rede Abastecedora Número 138;SP;SÃO PAULO;JUDICIAL;Escritório 7;ACORDO;R$ 181.097,18; PARCELADO ;REALIZADO
Rede Abastecedora Número 139;SP;SÃO PAULO;JUDICIAL;Escritório 7;ACORDO;R$ 750.000,00; PARCELADO ;REALIZADO
Rede Abastecedora Número 140;SP;SÃO PAULO;EXTRAJUDICIAL;Jurídico Interno;ACORDO;R$ 275.731,80; PARCELADO ;NÃO REALIZADO
Auto Posto Segunda-Feira;SP;SÃO PAULO;JUDICIAL;Escritório 7;ACORDO;R$ 750.000,00; PARCELADO ;NÃO REALIZADO
Auto Posto Terça-feira;SP;SÃO PAULO;JUDICIAL;Escritório 7;ACORDO;R$ 1.700.000,00; PARCELADO ;NÃO REALIZADO
Auto Posto Quarta-feira;PR;SUL;JUDICIAL;Escritório 6;ACORDO;R$ 313.783,86; PARCELADO ;NÃO REALIZADO
Auto Posto Quinta-feira;SP;SÃO PAULO;JUDICIAL;Escritório 2;ACORDO;R$ 165.000,00; PARCELADO ;NÃO REALIZADO
Auto Posto Sexta-feira;SP;SÃO PAULO;JUDICIAL;Escritório 2;DECISÃO JUDICIAL;R$ 1.489,69; A VISTA ;REALIZADO
Auto Posto Sábado;SP;SÃO PAULO;JUDICIAL;Escritório 2;DECISÃO JUDICIAL;R$ 16.456,56; A VISTA ;REALIZADO
Auto Posto Domingo;PR;SUL;JUDICIAL;Escritório 6;DECISÃO JUDICIAL;R$ 146.159,56; PARCELADO ;REALIZADO
Auto Posto Mais 1;RJ;SUDESTE;JUDICIAL;Escritório 2;DECISÃO JUDICIAL;R$ 5.104,71; A VISTA ;REALIZADO
Auto Posto Mais 2;SP;SÃO PAULO;EXTRAJUDICIAL;Jurídico Interno;ACORDO;R$ 5.172.200,59; PARCELADO ;REALIZADO
Auto Posto Mais 3;SP;SÃO PAULO;JUDICIAL;Escritório 7;ACORDO;R$ 895.429,14; PARCELADO ;NÃO REALIZADO
Auto Posto Mais 4;SP;SÃO PAULO;JUDICIAL;Escritório 2;ACORDO;R$ 316.119,35; PARCELADO ;NÃO REALIZADO
Auto Posto Mais 5;RS;SUL;EXTRAJUDICIAL;Jurídico Interno;ACORDO;R$ 120.002,52; PARCELADO ;NÃO REALIZADO
Auto Posto Mais 6;TO;NORTE;JUDICIAL;Escritório 7;ACORDO;R$ 79.984,49; PARCELADO ;REALIZADO
Auto Posto Mais 7;MG;SUDESTE;JUDICIAL;Escritório 2;ACORDO;R$ 52.964,36; PARCELADO ;REALIZADO
Auto Posto Mais 8;GO ;CENTRO OESTE;JUDICIAL;Escritório 4;DECISÃO JUDICIAL;R$ 350,39; A VISTA ;REALIZADO
Auto Posto Mais 9;GO ;CENTRO OESTE;JUDICIAL;Escritório 4;DECISÃO JUDICIAL;R$ 750.000,00; PARCELADO ;REALIZADO
Auto Posto Mais 10;SP;SÃO PAULO;EXTRAJUDICIAL;Jurídico Interno;ACORDO;R$ 265.922,28; PARCELADO ;NÃO REALIZADO
Auto Posto Mais 11;BA;NORDESTE;JUDICIAL;Escritório 7;ACORDO;R$ 283.841,56; PARCELADO ;REALIZADO
Auto Posto Mais 12;PI;NORDESTE;JUDICIAL;Escritório 7;ACORDO;R$ 240.129,11; PARCELADO ;REALIZADO
Auto Posto Mais 13;RN;NORDESTE;JUDICIAL;Escritório 7;ACORDO;R$ 85.342,49; A VISTA ;REALIZADO
Auto Posto Mais 14;MG;SUDESTE;JUDICIAL;Escritório 1;DECISÃO JUDICIAL;R$ 146.509,46; A VISTA ;REALIZADO
Auto Posto Mais 15;SP;SÃO PAULO;JUDICIAL;Escritório 5;ACORDO;R$ 200.000,00; A VISTA ;REALIZADO
Auto Posto Mais 16;SP;SÃO PAULO;JUDICIAL;Escritório 2;DECISÃO JUDICIAL;R$ 6.959,65; A VISTA ;REALIZADO
Auto Posto Mais 17;SP;SÃO PAULO;JUDICIAL;Escritório 2;DECISÃO JUDICIAL;R$ 1.377.719,64; A VISTA ;REALIZADO
Auto Posto Mais 18;SP;SÃO PAULO;JUDICIAL;Escritório 2;DECISÃO JUDICIAL;R$ 19.721,40; A VISTA ;REALIZADO
Auto Posto Mais 19;SP;SÃO PAULO;JUDICIAL;Escritório 2;DECISÃO JUDICIAL;R$ 28.513,61; A VISTA ;REALIZADO
Auto Posto Mais 20;MT;CENTRO OESTE;JUDICIAL;Escritório 4;DECISÃO JUDICIAL;R$ 9.219,48; A VISTA ;REALIZADO
Auto Posto Mais 21;SC;SUL;JUDICIAL;Escritório 6;ACORDO;R$ 315.212,30; A VISTA ;NÃO REALIZADO
Auto Posto Mais 22;SC;SUL;JUDICIAL;Escritório 6;DECISÃO JUDICIAL;R$ 765.510,00; A VISTA ;REALIZADO
Auto Posto Mais 23;RN;NORDESTE;JUDICIAL;Escritório 3;ACORDO;R$ 144.183,10; PARCELADO ;REALIZADO
Auto Posto Mais 24;SP;SÃO PAULO;JUDICIAL;Escritório 2;DECISÃO JUDICIAL;R$ 134.424,89; A VISTA ;REALIZADO
Auto Posto Mais 25;SP;SÃO PAULO;JUDICIAL;Escritório 2;ACORDO;R$ 400.000,00; A VISTA ;NÃO REALIZADO
Auto Posto Mais 26;CE;NORDESTE;JUDICIAL;Escritório 3;ACORDO;R$ 123.573,66; A VISTA ;REALIZADO
Auto Posto Mais 27;SC;SUL;JUDICIAL;Escritório 6;ACORDO;R$ 270.000,00; A VISTA ;REALIZADO
Auto Posto Mais 28;SP;SÃO PAULO;JUDICIAL;Escritório 2;DECISÃO JUDICIAL;R$ 302.302,18; A VISTA ;REALIZADO
Auto Posto Mais 29;SP;SÃO PAULO;JUDICIAL;Escritório 2;DECISÃO JUDICIAL;R$ 94.368,88; PARCELADO ;REALIZADO
Auto Posto Mais 30;SP;SÃO PAULO;JUDICIAL;Escritório 2;DECISÃO JUDICIAL;R$ 2.693,03; A VISTA ;REALIZADO
Auto Posto Mais 31;MG;SUDESTE;JUDICIAL;Escritório 2;DECISÃO JUDICIAL;R$ 9.844,98; A VISTA ;REALIZADO
Auto Posto Mais 32;PE;NORDESTE;JUDICIAL;Escritório 3;ACORDO;R$ 388.057,38; PARCELADO ;REALIZADO
Auto Posto Mais 33;AL;NORDESTE;EXTRAJUDICIAL;Jurídico Interno;ACORDO;R$ 411.266,58; PARCELADO ;NÃO REALIZADO
Auto Posto Mais 34;AL;NORDESTE;JUDICIAL;Escritório 3;ACORDO;R$ 719.872,06; PARCELADO ;NÃO REALIZADO
Auto Posto Mais 35;CE;NORDESTE;JUDICIAL;Escritório 3;ACORDO;R$ 500.000,00; PARCELADO ;NÃO REALIZADO
Auto Posto Mais 36;MA;NORDESTE;JUDICIAL;Escritório 3;ACORDO;R$ 250.677,08; A VISTA ;NÃO REALIZADO
Auto Posto Mais 37;CE;NORDESTE;JUDICIAL;Escritório 3;ACORDO;R$ 201.819,61; PARCELADO ;NÃO REALIZADO
Auto Posto Mais 38;PB;NORDESTE;JUDICIAL;Escritório 3;ACORDO;R$ 129.053,29; A VISTA ;NÃO REALIZADO
Auto Posto Mais 39;SP;SÃO PAULO;JUDICIAL;Escritório 2;DECISÃO JUDICIAL;R$ 7.177,87; A VISTA ;REALIZADO
Auto Posto Mais 40;SP;SÃO PAULO;JUDICIAL;Escritório 2;DECISÃO JUDICIAL;R$ 101.775,94; A VISTA ;REALIZADO
Auto Posto Mais 41;SP;SÃO PAULO;JUDICIAL;Escritório 2;DECISÃO JUDICIAL;R$ 99.858,12; A VISTA ;REALIZADO
Auto Posto Mais 42;RJ;SUDESTE;JUDICIAL;Escritório 2;DECISÃO JUDICIAL;R$ 335.886,80; A VISTA ;REALIZADO
Auto Posto Mais 43;SP;SÃO PAULO;JUDICIAL;Escritório 2;ACORDO;R$ 350.000,00; PARCELADO ;REALIZADO
Auto Posto Mais 44;SP;SÃO PAULO;JUDICIAL;Escritório 2;ACORDO;R$ 414.755,39; PARCELADO ;REALIZADO
Auto Posto Mais 45;GO;CENTRO OESTE;JUDICIAL;Escritório 6;ACORDO;R$ 2.000.000,00; PARCELADO ;NÃO REALIZADO
Auto Posto Mais 46;SP;SÃO PAULO;JUDICIAL;Escritório 2;ACORDO;R$ 100.000,00; PARCELADO ;REALIZADO
Auto Posto Mais 47;PR;SUL;JUDICIAL;Escritório 6;ACORDO;R$ 1.000.000,00; A VISTA ;REALIZADO
Auto Posto Mais 48;SP;SÃO PAULO;JUDICIAL;Escritório 2;DECISÃO JUDICIAL;R$ 750,00; A VISTA ;REALIZADO
Auto Posto Mais 49;RJ;SUDESTE;JUDICIAL;Escritório 7;ACORDO;R$ 1.117.778,85; PARCELADO ;REALIZADO
Auto Posto Mais 50;SP;SÃO PAULO;JUDICIAL;Escritório 2;DECISÃO JUDICIAL;R$ 4.706,01; A VISTA ;REALIZADO
Auto Posto Mais 51;SP;SÃO PAULO;JUDICIAL;Escritório 2;DECISÃO JUDICIAL;R$ 674,01; A VISTA ;REALIZADO
Auto Posto Mais 52;SP;SÃO PAULO;JUDICIAL;Escritório 7;DECISÃO JUDICIAL;R$ 310,00; A VISTA ;REALIZADO
Auto Posto Mais 53;SP;SÃO PAULO;JUDICIAL;Escritório 2;ACORDO;R$ 22.000.000,00; PARCELADO ;REALIZADO
Auto Posto Mais 54;AL;NORDESTE;JUDICIAL;Escritório 3;DECISÃO JUDICIAL;R$ 10.543,41; A VISTA ;REALIZADO
Auto Posto Mais 55;SP;SÃO PAULO;JUDICIAL;Escritório 2;DECISÃO JUDICIAL;R$ 11.000,00; A VISTA ;REALIZADO
Auto Posto Mais 56;TO;NORTE;JUDICIAL;Escritório 7;ACORDO;R$ 280.000,00; PARCELADO ;NÃO REALIZADO
Auto Posto Mais 57;BA;NORDESTE;JUDICIAL;Escritório 3;ACORDO;R$ 266.915,01; PARCELADO ;REALIZADO
Auto Posto Mais 58;SP;SÃO PAULO;JUDICIAL;Escritório 2;DECISÃO JUDICIAL;R$ 6.936,38; A VISTA ;REALIZADO
Auto Posto Mais 59;MG;SUDESTE;JUDICIAL;Escritório 5;ACORDO;R$ 92.192,90; PARCELADO ;REALIZADO
Auto Posto Mais 60;SP;SÃO PAULO;JUDICIAL;Escritório 2;ACORDO;R$ 174.000,00; PARCELADO ;NÃO REALIZADO
Auto Posto Mais 61;MG;SUDESTE;JUDICIAL;Escritório 2;ACORDO;R$ 305.034,30; PARCELADO ;REALIZADO
Auto Posto Mais 62;SP;SÃO PAULO;JUDICIAL;Escritório 2;DECISÃO JUDICIAL;R$ 850,00; A VISTA ;REALIZADO
Auto Posto Mais 63;PR;SUL;JUDICIAL;Escritório 6;DECISÃO JUDICIAL;R$ 483.366,70; A VISTA ;REALIZADO
Auto Posto Mais 64;RJ;SUDESTE;JUDICIAL;Escritório 2;ACORDO;R$ 2.916.000,00; PARCELADO ;REALIZADO
Auto Posto Mais 65;TO;NORTE;JUDICIAL;Escritório 3;ACORDO;R$ 783.509,61; PARCELADO ;REALIZADO
Auto Posto Mais 66;RN;NORDESTE;JUDICIAL;Escritório 3;ACORDO;R$ 255.788,56; A VISTA ;REALIZADO
Auto Posto Mais 67;RN;NORDESTE;JUDICIAL;Escritório 3;DECISÃO JUDICIAL;R$ 10.716,95; A VISTA ;REALIZADO
Auto Posto Mais 68;SP;SÃO PAULO;JUDICIAL;Escritório 2;DECISÃO JUDICIAL;R$ 1.103,04; A VISTA ;REALIZADO
Auto Posto Mais 69;MG;SUDESTE;JUDICIAL;Escritório 2;ACORDO;R$ 385.000,00; PARCELADO ;REALIZADO
Auto Posto Mais 70;SP;SÃO PAULO;JUDICIAL;Escritório 2;DECISÃO JUDICIAL;R$ 218.520,93; A VISTA ;REALIZADO
Auto Posto Mais 71;RS;SUL;JUDICIAL;Escritório 6;DECISÃO JUDICIAL;R$ 25.000,00; A VISTA ;REALIZADO
Auto Posto Mais 72;MT;CENTRO OESTE;JUDICIAL;Escritório 4;ACORDO;R$ 175.000,00; PARCELADO ;NÃO REALIZADO
Auto Posto Mais 73;SP;SÃO PAULO;JUDICIAL;Escritório 2;DECISÃO JUDICIAL;R$ 2.407,01; A VISTA ;REALIZADO
Auto Posto Mais 74;SP;SÃO PAULO;JUDICIAL;Escritório 2;DECISÃO JUDICIAL;R$ 6.225,94; A VISTA ;REALIZADO
Auto Posto Mais 75;PA;NORTE;JUDICIAL;Escritório 7;ACORDO;R$ 850.000,00; PARCELADO ;NÃO REALIZADO
Auto Posto Mais 76;MG;SUDESTE;JUDICIAL;Escritório 2;ACORDO;R$ 931.622,13; PARCELADO ;NÃO REALIZADO
Auto Posto Mais 77;SP;SÃO PAULO;JUDICIAL;Escritório 2;DECISÃO JUDICIAL;R$ 62.386,13; A VISTA ;REALIZADO
Auto Posto Mais 78;SP;SÃO PAULO;JUDICIAL;Escritório 2;DECISÃO JUDICIAL;R$ 10.075,84; A VISTA ;REALIZADO
Auto Posto Mais 79;SP;SÃO PAULO;JUDICIAL;Escritório 2;DECISÃO JUDICIAL;R$ 36.000,00; A VISTA ;REALIZADO
Auto Posto Mais 80;SP;SÃO PAULO;JUDICIAL;Escritório 2;DECISÃO JUDICIAL;R$ 13.450,00; A VISTA ;REALIZADO
Auto Posto Mais 81;SP;SÃO PAULO;JUDICIAL;Escritório 2;DECISÃO JUDICIAL;R$ 2.850,00; A VISTA ;REALIZADO
Auto Posto Mais 82;SP;SÃO PAULO;JUDICIAL;Escritório 2;DECISÃO JUDICIAL;R$ 1.461.642,30; PARCELADO ;REALIZADO
Auto Posto Mais 83;PR;SUL;JUDICIAL;Escritório 6;ACORDO;R$ 150.000,00; A VISTA ;REALIZADO
Auto Posto Mais 84;GO ;CENTRO OESTE;JUDICIAL;Escritório 6;DECISÃO JUDICIAL;R$ 5.436,32; A VISTA ;REALIZADO
Auto Posto Mais 85;PA;NORTE;JUDICIAL;Escritório 3;ACORDO;R$ 115.853,76; PARCELADO ;NÃO REALIZADO
Auto Posto Mais 86;PA;NORTE;EXTRAJUDICIAL;Jurídico Interno;ACORDO;R$ 180.000,00; PARCELADO ;REALIZADO
Auto Posto Mais 87;MA;NORDESTE;JUDICIAL;Escritório 3;ACORDO;R$ 160.000,00; PARCELADO ;REALIZADO
Auto Posto Mais 88;SP;SÃO PAULO;JUDICIAL;Escritório 2;DECISÃO JUDICIAL;R$ 3.766,33; A VISTA ;REALIZADO
Auto Posto Mais 89;SP;SÃO PAULO;JUDICIAL;Escritório 5;DECISÃO JUDICIAL;R$ 30.000,00; A VISTA ;REALIZADO
Auto Posto Mais 90;CE;NORDESTE;EXTRAJUDICIAL;Jurídico Interno;ACORDO;R$ 360.000,00; PARCELADO ;NÃO REALIZADO
Auto Posto Mais 91;SP;SÃO PAULO;JUDICIAL;Escritório 2;ACORDO;R$ 150.000,00; PARCELADO ;NÃO REALIZADO
Auto Posto Mais 92;CE;NORDESTE;EXTRAJUDICIAL;Jurídico Interno;ACORDO;R$ 78.000,00; A VISTA ;NÃO REALIZADO
Auto Posto Mais 93;PI;NORDESTE;EXTRAJUDICIAL;Jurídico Interno;ACORDO;R$ 390.000,00; PARCELADO ;REALIZADO
Auto Posto Mais 94;CE;NORDESTE;EXTRAJUDICIAL;Jurídico Interno;ACORDO;R$ 123.000,00; PARCELADO ;REALIZADO
Auto Posto Mais 95;ES;SUDESTE;JUDICIAL;Escritório 2;ACORDO;R$ 145.283,09; A VISTA ;NÃO REALIZADO
Auto Posto Mais 96;PR;SUL;JUDICIAL;Escritório 6;ACORDO;R$ 870.000,00; PARCELADO ;REALIZADO
Auto Posto Mais 97;RJ;SUDESTE;JUDICIAL;Escritório 2;DECISÃO JUDICIAL;R$ 750.882,88; PARCELADO ;REALIZADO
Auto Posto Mais 98;CE;NORDESTE;EXTRAJUDICIAL;Jurídico Interno;ACORDO;R$ 1.151.102,68; PARCELADO ;REALIZADO
Auto Posto Mais 99;PR;SUL;JUDICIAL;Escritório 6;ACORDO;R$ 195.000,00; PARCELADO ;REALIZADO
Auto Posto Mais 100;SP;SÃO PAULO;JUDICIAL;Escritório 2;DECISÃO JUDICIAL;R$ 11.472,28; A VISTA ;REALIZADO
Auto Posto Mais 101;PR;SUL;JUDICIAL;Escritório 6;ACORDO;R$ 95.000,00; PARCELADO ;REALIZADO
Auto Posto Mais 102;RJ;SUDESTE;JUDICIAL;Escritório 2;ACORDO;R$ 56.061,06; A VISTA ;REALIZADO
